C31	Aac6-Iy	AadA2	Aph3-Ia	CatA2	DfrA19	QnrB2	SHV-12	StrA	StrB	SulI	TEM-33	TetD
C32	Aac6-Iy	AadA2	Aph3-Ia	CatA2	DfrA19	QnrB2	SHV-12	StrA	StrB	SulI	TEM-191	TetD
C33	Aac6-Iy
C34	Aac6-Iy	AadA7	QnrS2	SulI	TetA	TetR
C35	Aac6-Iy	StrA
C36	Aac6-Iaa
C37	Aac6-Iy
C38	Aac6-Iy
C39	Aac6-Iy
C40	Aac6-Iaa	Aph3-Id	QnrB19	StrA	StrB	SulII	TEM-30	TetA	TetR
C41	Aac6-Iaa
C42	Aac6-Iaa
C43	Aac3-Iva	Aac6-Iaa	AadA1	Aph4-Ia	Sat-2A	StrB
C44	Aac6-Iy
C45	Aac6-Iy
C46	Aac6-Iy
C47	Aac6-Iy	AadA2	QnrB19	SulI	TetA	TetR
C48	Aac6-Iaa	QnrB19
C49	Aac6-Iy	FloR	StrA	StrB	SulII	TetA	TetR
C50	Aac6-Iy
C51	Aac6-Iy
C52	Aac6-Iaa
C53	Aac6-Iaa	TetB
C54	Aac6-Iaa	AadA1-pm	DfrA1	FloR	Qnr-S1	Sat-2A	StrA	StrB	SulII	TEM-198	TetA	TetM	TetR
C55	Aac6-Iy
C56	Aac6-Iaa	FloR	TetA	TetR
C57	Aac6-Iy
C58	Aac6-Iy
C59	Aac6-Iy	StrA	StrB
C60	Aac6-Iy
C61	Aac6-Iy
C62	Aac6-Iy
C63	Aac6-Iaa
C64	Aac6-Iy	AadA2	SulI	TetA	TetR
C65	Aac6-Iy	QnrB19
C66	Aac6-Iaa
C67	Aac6-Iaa
C68	Aac6-Iaa
C69	Aac6-Iy	AadA1-pm	CARB-2	Dfr16	FloR	StrA	StrB	SulII	SulI	TetA	TetG	TetRG	TetR
C70	Aac3-IId	Aac6-Iaa	AadA2	CMY-33	DfrA12	FloR	StrA	StrB	SulIII	SulII	TetA	TetR
C71	Aac6-Iy
C72	Aac6-Iaa	AadA5	AadA1-pm	DfrA17	FloR	LnuF	QnrB19	StrA	StrB	SulII	TEM-198	TetA	TetB	TetR
C73	Aac6-Iaa
C74	Aac6-Iaa
C75	Aac6-Iy
C76	Aac6-Iy
C77	Aac6-Iaa
C78	Aac6-Iy
C79	Aac6-Iy
C80	Aac6-Iy
C81	Aac3-IIa	Aac6-Iy	Aph3-Ia	QnrB19	StrA	StrB	SulII	TEM-33	TetB
C82	Aac6-Iy	SulII	TetA	TetR
C83	Aac6-Iy	CMY-44	StrA	StrB	TetA	TetR
C84	Aac6-Iy	AadA2	CARB-2	Dfr16	EreA	FloR	QnrB19	TetA	TetR
C85	Aac6-Iy
C86	Aac6-Iaa	Aph3-Id	StrA	StrB	SulII	TetA	TetR
C87	Aac6-Iaa	FloR	TetA	TetR
C88	Aac6-Iy
C89	Aac6-Iy
C90	Aac3-IId	Aac6-Iaa	AadA2	CMY-44	DfrA12	FloR	OqxA	OqxBgb	QnrB19	StrA	StrB	SulII	TetA	TetR
C91	Aac6-Iaa	QnrB19
C92	Aac6-Iy
C93	Aac6-Iy	AadA2	DfrA12	SulI	TetA	TetR
C94	Aac6-Iaa
C95	Aac3-IIa	Aac6-Iy	Aph3-Ia	QnrB19	StrA	StrB	SulII	TEM-198	TetB
C96	Aac6-Iy	AadA2	DfrA12	FloR	StrA	StrB	SulII	TetA	TetR
C97	Aac6-Iy	AadA8b	DfrA12	FloR	StrA	StrB	SulII	TetA	TetR
C98	Aac6-Iy	AadA2	DfrA12	FloR	StrA	StrB	SulII	TetA	TetR
C99	Aac6-Iy	AadA2	QnrB19	SulI	TetA	TetR
D01	Aac6-Iy
D02	Aac6-Iy
D03	Aac6-Iy
D04	Aac6-Iy	StrA	StrB	TetB
D05	Aac6-Iy
D06	Aac6-Iy	StrA	StrB
D07	Aac6-Iaa	QnrB19
D08	Aac6-Iy
D09	Aac6-Iaa
D10	Aac6-Iaa	CMY-44	FloR	StrA	StrB	SulII	TetA	TetR
D11	Aac6-Iaa
D12	Aac3-IIa	Aac6-Iy	Aph3-Ia	QnrB19	StrA	StrB	SulII	TEM-33	TetB
D13	Aac6-Iaa	Aph3-Id	StrA	StrB	SulII	TetA	TetR
D14	Aac6-Iaa	Aph3-Id	StrA	StrB	SulII	TetA	TetR
D15	Aac6-Iy	QnrB19	StrA	StrB
D16	Aac3-IIa	Aac6-Iy	Aph3-Ia	StrA	StrB	SulII	TEM-33	TetB
D17	Aac6-Iy
D18	Aac6-Iy	QnrB19
D19	Aac6-Iy
D20	Aac6-Iaa
D21	Aac6-Iy	StrA	StrB	TetA	TetR
D22	Aac6-Iy
D23	Aac6-Iy
D24	Aac6-Iy
D25	Aac6-Iy	FloR	StrA	StrB	SulII	TetA	TetR
D26	Aac6-Iy	FloR	StrA	StrB	SulII	TEM-33	TetA	TetR
D27	Aac6-Iy
D28	Aac6-Iy
D29	Aac6-Iy
D30	Aac6-Iy	AadA1-pm	CatA2	CmlA1	DfrA12	FloR	MefB	OqxA	OqxBgb	QnrB19	SulIII	TEM-198	TetC
D31	Aac6-Iy
D32	Aac6-Iy	QnrB19
D33	Aac6-Iaa	AadA5	FloR	OqxA	OqxBgb	QnrB19	TEM-30	TetA	TetR
D34	Aac6-Iaa
D35	Aac6-Iaa	FloR	TetA	TetR
D36	Aac6-Iy	QnrB19
D37	Aac6-Iaa
D38	Aac6-Iy
D39	Aac6-Iaa	QnrB19
D40	Aac6-Iaa	QnrB19
D41	Aac6-Iy	AadA2	DfrA12	FloR	QnrB19	SulII	SulI	TetA	TetR
D42	Aac6-Iy
D43	Aac6-Iaa	AadA2	CMY-44	DfrA12	FloR	StrA	StrB	SulII	TetA	TetR
D44	Aac6-Iy	AadA1-pm	DfrA1	FloR	Sat-2A	StrA	StrB	SulII	TEM-150	TetA	TetR
D45	Aac6-Iy
D46	Aac6-Iy
D47	Aac6-Iaa
D48	Aac6-Iy
D49	Aac6-Iy
D50	Aac6-Iaa
D51	Aac6-Iaa
D52	Aac6-Iy
D53	Aac6-Iaa
D54	Aac6-Iaa
D55	Aac6-Iy
D56	Aac6-Iy	AadA2	QnrB19	SulI	TetA	TetR
D57	Aac6-Iaa	AadA2	CMY-44	DfrA12	FloR	QnrB19	StrA	StrB	SulII	TetA	TetR
D58	Aac6-Iy	SulII	TetB
D59	Aac6-Iy
D60	Aac6-Iy
D61	Aac6-Iaa
D62	Aac6-Iaa
D63	Aac6-Iy
D64	Aac6-Iy	SulII	TetA
D65	Aac6-Iaa
D66	Aac6-Iy	SulII
D67	Aac6-Iaa	FloR	TetA	TetB
D68	Aac6-Iy	AadA8b	DfrA12	FloR	QnrB19	StrA	StrB	SulII	SulI	TetA	TetR
D69	Aac6-Iy	AadA2	CARB-2	DfrA12	FloR	Qnr-A1	StrA	StrB	SulII	SulI	TetB
D70	Aac6-Iy	AadA5	AadA2	CARB-2	Dfr16	EreA	FloR	LnuF	OqxBgb	QnrB19	StrA	StrB	TEM-186	TetA	TetR
D71	Aac3-IId	Aac6-Iaa	AadA2	CMY-44	DfrA12	FloR	QnrB19	StrA	StrB	SulII	TetA	TetR
D72	Aac6-Iy	TetB
D73	Aac6-Iy
D74	Aac3-IId	Aac6-Iaa	AadA5	AadA1-pm	DfrA17	FloR	LnuF	OqxA	OqxBgb	QnrB19	StrA	StrB	SulII	TEM-198	TetA
D75	Aac3-IId	Aac6-Iaa	AadA5	DfrA17	FloR	OqxA	OqxBgb	StrA	StrB	SulII	TEM-33	TetA
D76	Aac6-Iy	AadA8b	CMY-44	DfrA12	FloR	QnrB19	SulII	SulI	TetA	TetR
D77	Aac6-Iy
D78	Aac6-Iaa	StrA	StrB	SulII	TEM-198	TetB
D79	Aac6-Iaa	StrA	StrB	SulII	TEM-198	TetB
D80	Aac6-Iy	AadA5	AadA1-pm	DfrA17	FloR	LnuF	OqxA	OqxBgb	StrA	StrB	SulII	TEM-176	TetA	TetR
D81	Aac6-Iaa	AadA1-pm	CMY-33	DfrA8	FloR	StrA	StrB	SulII	TetB
D82	Aac6-Iaa	FloR	QnrB19	TetA	TetR
D83	Aac6-Iy	AadA2	CARB-2	Dfr16	EreA	FloR	QnrB19	TetA	TetR
D84	Aac6-Iy	AadA2	DfrA12	SulI	TetA	TetR
D85	Aac6-Iy
D86	Aac6-Iaa
D87	Aac6-Iaa
D88	Aac6-Iy	AadA1-pm	FloR	LnuF	OqxA	OqxBgb	TEM-198	TetA	TetR
D89	Aac6-Iy	FloR	StrA	StrB	SulII	TetA	TetR
D90	Aac6-Iy	AadA1-pm	DfrA1	FloR	LnuF	QnrD	SulI	TetG	TetJ	TetRG
D91	Aac6-Iy	FloR	StrA	StrB	SulII	TetA	TetR
D92	Aac6-Iaa	FloR	TetJ
D93	Aac6-Iaa
D94	Aac6-Iy
D95	Aac6-Iy
D96	Aac6-Iy	QnrB19	TetA	TetR
D97	Aac6-Iaa	Aph3-Id	QnrB19	StrA	StrB	SulII	TetA	TetR
D98	Aac6-Iy	FloR	OqxA	OqxBgb	TetA
D99	Aac6-Iy	CatA2	TetD
E01	Aac6-Iy
E02	Aac6-Iy
E03	Aac6-Iy
E04	AadA1-pm	DfrA1	FloR	Sat-2A	StrA	StrB	SulII	TEM-141	TetA
E05	Aac6-Iy	AadA2	QnrB19	SulI	TetA	TetR
E06	Aac6-Iy
E07	Aac6-Iy
E08	Aac6-Iy	AadA1-pm	CARB-2	CatA1	CmlA1	Dfr16	FloR	MefB	SulIII	TetB
E09	Aac6-Iy	AadA8b	DfrA12	SulI	TetA	TetR
E10	Aac6-Iy	AadA2	DfrA12	SulI	TetA	TetR
E11	Aac6-Iaa
E12	Aac3-IId	Aac6-Iaa	AadA5	AadA1-pm	DfrA17	FloR	LnuF	StrA	StrB	SulII	TEM-198	TetA	TetB	TetR
E13	Aac6-Iy
E14	Aac6-Iy
E15	Aac6-Iaa
E16	Aac6-Iy	AadA2	SulI	TetA	TetR
E17	Aac6-Iy	CMY-44	DfrA12	FloR	QnrB19	TetA	TetR
E18	Aac6-Iy
E19	Aac6-Iy
E20	Aac6-Iy
E21	Aac6-Iaa
E22	Aac6-Iaa	FloR	StrA	StrB	SulII	TetA	TetR
E23	Aac6-Iy
E24	Aac6-Iaa	StrA	StrB	SulII	TetA	TetR
E25	Aac6-Iy
E26	Aac6-Iy	AadA1-pm	SulI	TetG	TetRG
E27	Aac3-IId	Aac6-Iy	AadA5	DfrA17	FloR	OqxA	OqxBgb	StrA	StrB	SulII	TEM-198	TetA	TetR
E28	Aac3-IId	Aac6-Iaa	AadA5	DfrA17	FloR	OqxA	OqxBgb	StrA	StrB	SulII	TEM-176	TetA	TetR
E29	CMY-74	QnrS2	StrB	TetC
E30	Aac3-IId	Aac6-Iy	AadA2	CARB-2	DfrA12	FloR	Qnr-A1	StrA	StrB	SulII	SulI	TetA	TetB	TetR
E31	Aac3-IId	Aac6-Iy	AadA2	CARB-2	CMY-83	DfrA12	FloR	LsaA	MphD	Qnr-A1	QnrS2	StrA	StrB	SulII	SulI	TetA	TetB	TetC	TetM	TetR
E32	Aac6-Iy
E33	Aac6-Iy	SulII	TetA	TetR
E34	Aac6-Iy	SulII	TetA	TetR
E36	Aac6-If	CMY-68
E37	CMY-78
E38	Aac6-Iy	QnrB19
E39	Aac6-Iaa
E40	Aac6-Iaa	AadA2	CARB-2	Dfr16	FloR	StrA	StrB	SulII	SulI	TetA	TetR
E41	Aac6-Iy
E42	Aac6-Iy	AadA2	DfrA12	FloR	SulII	SulI	TetB
E43	Aac6-Iaa	AadA1-pm	CatA2	CmlA1	DfrA12	FloR	MefB	QnrB19	SulIII	TEM-176	TetC
E44	Aac6-Iaa	QnrB19	TetA	TetR
E45	Aac6-Iy	AadA2	QnrB19	SulI	TetA	TetR
E46	Aac6-Iy	QnrB19	SulII	TetA	TetR
E47	Aac6-Iy	QnrB19
E48	Aac3-Iva	Aac6-Iy	AadA1-pm	Aph4-Ia	CTX-M-65	FloR	FosA	SulI	TetA	TetR
E49	Aac6-Iaa
E50	Aac6-Iaa	FloR	QnrB19	TetA	TetR
E51	Aac6-Iy
E52	Aac6-Iy
E53	Aac6-Iy	AadA2	QnrB19	SulI	TetA	TetR
E54	Aac3-IId	Aac6-Iy	AadA5	AadA1-pm	DfrA17	FloR	LnuF	OqxA	OqxBgb	QnrB19	StrA	StrB	SulII	TEM-198	TetA	TetR
E55	Aac6-Iy
E56	Aac6-Iaa
E57	Aac6-Iy	FloR	QnrB19	StrA	StrB	SulII	TetA	TetR
E58	Aac3-IId	Aac6-Iaa	AadA2	CMY-33	DfrA12	FloR	StrA	StrB	SulII	TetA	TetR
E59	Aac6-Iy	AadA2	QnrB19	SulI	TetA	TetR
E60	Aac6-Iaa	FloR	TetA	TetR
E61	Aac6-Iy	StrA	StrB
E62	Aac3-IId	Aac6-Iaa	AadA1-pm	CMY-33	CmlA1	DfrA12	FloR	StrA	StrB	SulII	TetA	TetM	TetR
E63	Aac3-IId	Aac6-Iaa	AadA2	CMY-44	DfrA12	FloR	StrA	StrB	SulII	TetA	TetR
E64	Aac6-Iaa	Aac6-Ii	MsrC
E65	TetJ
E66	Aac6-Iy	AadA5	AadA1-pm	DfrA17	FloR	LnuF	OqxA	OqxBgb	QnrB19	StrA	StrB	SulII	TEM-198	TetA	TetR
E67	Aac6-Iaa
E68	Aac3-IId	Aac6-Iy	AadA5	AadA1-pm	DfrA17	FloR	LnuF	OqxA	OqxBgb	StrA	StrB	SulII	TEM-143	TetA	TetR
E69	Aac6-Iy	AadA1-pm	FloR	SulI	TetA	TetR
E70	Aac6-Iaa
E71	Aac6-Iy
E72	Aac6-Iy	AadA5	AadA1-pm	DfrA17	FloR	LnuF	OqxA	OqxBgb	StrA	StrB	SulII	TEM-198	TetA	TetR
E73	Aac6-Iaa
E74	Aac6-Iaa
E75	Aac6-Iy	QnrB19
E76	Aac6-Iy	QnrB19
E77	Aac6-Iy
E78	Aac6-Iy	AadA8b	DfrA12	FloR	QnrB19	StrA	StrB	SulII	SulI	TetA	TetR
E79	Aac6-Iy	AadA2	CARB-2	Dfr16	EreA	FloR	QnrB19	TetA	TetR
E80	Aac6-Iy
E81	Aac6-Iy
E82	Aac6-Iy	QnrB19
E83	Aac6-Iaa	QnrB19	StrA	StrB	SulII	TetA	TetR
E84	Aac6-Iy
E85	Aac6-Iy
E86	Aac6-Iy	StrA	StrB	TetA	TetR
E87	Aac6-Iaa	AadA2	CMY-44	DfrA12	FloR	StrA	StrB	SulII	TetA	TetR
E88	Aac6-Iy	QnrB19	TetA	TetR
F04	Aac6-Iy
F05	Aac6-Iy
F06	Aac6-Iy
F07	Aac6-Iy
F08	Aac6-Iy
F09	Aac6-Iy
F10	TetJ
F11	Aac6-Iy
F12	Aac6-Iaa
F13	Aac6-Iy
F14	Aac6-Iaa
F15	Aac6-Iaa	FloR	StrA	StrB	SulII	TEM-198	TetA	TetR
F16	Aac6-Iy	FloR	StrA	StrB	SulII	TEM-33	TetA	TetR
F17	Aac6-Iy	AadA8b	DfrA12	SulI	TetA	TetR
F18	BIL-1	QnrB19
F19	Aac6-Iaa
F20	Aac6-Iaa
F21	Aac6-Iy	FloR	StrA	StrB	SulII	TetA	TetR
F22	Aac6-Iy	AadA2	SulI	TetA	TetR
F23	Aac6-Iy
F24	Aac6-Iy
F25	Aac6-Iy
F26	Aac6-Iaa	FloR	StrA	StrB	SulII	TetA	TetR
F27	Aac6-Iaa	AadA2	QnrB19	SulI	TetA	TetR
F28	Aac6-Iy
F29	Aac6-Iy	AadA5	FloR	OqxA	OqxBgb	TEM-198	TetA	TetR
F30	Aac6-Iaa
F31	Aac6-Iy
F32	Aac6-Iaa	FloR	StrA	StrB	SulII	TetA	TetR
F35	Aac6-Iy	AadA2	SulI	TetA	TetR
F36	Aac6-Iy
F37	Aac6-Iy
F38	Aac6-Iy	AadA8b	DfrA12	FloR	QnrB19	SulI	TetA	TetR
F39	Aac6-Iy
F40	Aac6-Iy	AadA8b	DfrA12	FloR	QnrB19	StrA	StrB	SulII	TetA	TetR
F41	Aac6-Iy
F42	Aac6-Iaa	AadA2	CARB-2	FloR	SulI	TetG	TetRG
F43	Aac6-Iaa	AadA2	CMY-44	DfrA12	FloR	OqxA	OqxBgb	QnrB19	StrA	StrB	SulII	TetA	TetR
F44	Aac6-Iaa
F45	Aac6-Iy
F46	Aac3-Iva	Aac6-Iy	AadA1-pm	Aph3-Ia	Aph4-Ia	CTX-M-65	DfrA14	FloR	FosA	SulI	TetA	TetR
F47	Aac6-Iy
F48	Aac6-Iy	AadA1-pm	DfrA1	FloR	QnrB19	Sat-2A	StrA	StrB	SulII	TetA	TetR
F49	Aac6-Iy	FloR	StrA	StrB	SulII	TetA	TetR
F50	StrA	StrB
F51	Aac6-Iy	TetC
F52	Aac6-Iy
F53	Aac6-Iaa
F54	Aac6-Iy
F55	Aac6-Iy
F56	Aac3-IId	Aac6-Iy	AadA5	DfrA17	FloR	OqxA	OqxBgb	StrA	StrB	SulII	TEM-198	TetA	TetR
F57	Aac6-Iy	AadA7	SulI	TetA	TetR
F58	Aac6-Iy
F59	Aac6-Iy
F60	Aac6-Iy
F61	Aac6-Iaa	FloR	TetA	TetR
F62	Aac6-Iy	AadA2	CARB-2	DfrA1	FloR	MphA	Qnr-A1	SulI	TetA	TetR
F63	Aac6-Iy
F64	Aac6-Iaa	QnrB19
F65	Aac6-Iy
F66	Aac6-Iaa
F67	Aac6-Iaa
F68	Aac6-Iaa	FloR	StrA	StrB	SulII	TetA	TetR
F69	Aac6-Iy	AadA2	QnrB19	SulI	TetA	TetR
F70	Aac6-Iy	AadA2	QnrB19	SulI	TetA	TetR
F71	Aac6-Iy	StrA	StrB	TetA	TetR
F72	Aac6-Iaa	QnrB19	TetA	TetR
F73	Aac6-Iy
F74	Aac6-Iy
F75	Aac6-Iy
F76	Aac6-Iaa	QnrB19	TetA	TetR
F77	Aac6-Iy	StrA	StrB	TetA	TetR
F78	Aac6-Iy	AadA2	DfrA12	QnrB19	SulI	TetA	TetR
F79	Aac6-Iy	QnrB19
F80	Aac6-Iy
F81	Aac6-Iy	QnrB19
F82	Aac6-Iy
F83	Aac6-Iy
F84	Aac6-Iaa
F85	Aac6-Iaa
F86	Aac6-Iy
F87	Aac6-Iy
F88	Aac6-Iy	AadA2	QnrB19	SulI	TetA	TetR
F89	Aac6-Iy
F90	Aac3-IId	Aac6-Iy	AadA5	AadA1-pm	DfrA17	FloR	LnuF	OqxA	OqxBgb	QnrB19	StrA	StrB	SulII	TEM-33	TetA	TetR
F91	Aac3-IId	Aac6-Iy	AadA5	AadA1-pm	DfrA17	FloR	LnuF	OqxA	OqxBgb	StrA	StrB	SulII	TEM-198	TetA	TetR
F92	Aac6-Iy	AadA5	AadA1-pm	DfrA17	FloR	LnuF	OqxA	OqxBgb	StrA	StrB	SulII	TEM-33	TetA	TetR
F93	Aac6-Iy	AadA5	AadA1-pm	DfrA17	FloR	LnuF	OqxA	OqxBgb	QnrB34	StrA	StrB	SulII	TEM-30	TetA	TetR
F94	Aac6-Iy	QnrB19	SulII	TetA	TetR
F95	Aac3-IId	Aac6-Iy	AadA5	DfrA17	FloR	QnrB19	StrA	StrB	SulII	TEM-198	TetA	TetR
F96	AMPH	Aac3-IId	Aac6-Iaa	AadA5	AadA2	AmpC1	AmpC2	DfrA17	DfrA12	FloR	Penicillin_Binding_Protein_Ecoli	QnrB19	StrA	StrB	SulIII	SulII	TEM-198	TetA	TetB	TetR
F97	Aac6-Iy	QnrB19
F98	Aac3-IIa	Aac6-Iy	Aph3-Ia	StrA	StrB	SulII	TEM-191	TetB
F99	Aac3-IIa	Aac6-Iy	Aph3-Ia	StrA	StrB	SulII	TEM-198	TetB
G01	Aac3-IId	Aac6-Iy	AadA5	DfrA17	FloR	QnrB19	StrA	StrB	SulII	TEM-198	TetA	TetR
G02	Aac6-Iy	AadA2	DfrA12	QnrB19	SulIII	TEM-198
G03	Aac6-Iy	QnrB19
G04	Aac6-Iaa	Aph3-Id	StrA	StrB	SulII	TetA	TetR
G05	Aac6-Iaa
G06	Aac6-Iy
G07	Aac6-Iy
G08	Aac6-Iy
G09	Aac6-Iy	AadA2	DfrA12	FloR	StrA	StrB	SulII	TetA	TetR
G10	Aac6-Iaa	AadA5	Aph3-Ia	DfrA17	OqxA	OqxBgb	StrA	StrB	SulII	TEM-198	TetA	TetR
G11	Aac6-Iy	AadA2	SulI	TetA	TetR
G12	Aac3-IId	Aac6-Iaa	AadA2	CMY-44	DfrA12	FloR	OqxA	OqxBgb	StrA	StrB	SulIII	SulII	TetA	TetR
G13	Aac6-Iaa	AadA5	Aph3-Ia	DfrA17	OqxA	OqxBgb	StrA	StrB	SulII	TEM-33	TetA	TetR
G14	Aac6-Iy
G15	Aac6-Iaa	CMY-33	FloR	OqxA	OqxBgb	StrA	StrB	SulII	TetA	TetR
G16	Aac6-Iy	AadA8b	CARB-2	DfrA12	Qnr-A1	SulI	TetC
G17	Aac6-Iaa	AadA1-pm	CatA2	CmlA1	DfrA12	FloR	MefB	OqxA	OqxBgb	QnrB19	SulIII	TEM-198	TetC
G18	Aac6-Iy	AadA2	DfrA12	FloR	StrA	StrB	SulII	TetA	TetR
G19	Aac6-Iy	AadA1-pm	CatA2	CmlA1	DfrA12	FloR	MefB	OqxA	OqxBgb	QnrB19	SulIII	TEM-198	TetC
G20	Aac6-Iaa	AadA2	DfrA12	FloR	MphB	QnrB19	StrA	StrB	SulII	SulI	TEM-198	TetA	TetR
G21	Aac6-Iaa	CMY-2	FloR	OqxA	OqxBgb	StrA	StrB	SulII	TetA	TetR
G22	Aac6-Iaa	CMY-44	FloR	OqxA	OqxBgb	StrA	StrB	SulII	TetA	TetR
G23	Aac6-Iy	AadA1-pm	CARB-2	CMY-33	CatA1	CmlA1	Dfr16	FloR	MefB	OqxA	OqxBgb	SulIII	TetB
G24	Aac6-Iaa	CMY-2	FloR	OqxA	OqxBgb	StrA	StrB	SulII	TetA	TetR
G25	Aac6-Iy	AadA2	CARB-2	DfrA12	Qnr-A1	SulI	TetC
G26	Aac6-Iy	AadA2	SulI	TetA	TetR
G27	Aac6-Iy	StrA	StrB	TetA	TetR
G28	Aac6-Iaa	AadA2	DfrA12	FloR	StrA	StrB	SulII	SulI	TetA	TetR
G29	Aac3-IId	Aac6-Iaa	AadA2	Aph3-Ia	FloR	MphA	QnrB19	StrA	StrB	SulII	TEM-176	TetA	TetB	TetR
G30	Aac3-IId	Aac6-Iaa	AadA2	Aph3-Ia	FloR	MphA	QnrB19	StrA	StrB	SulII	TEM-198	TetA	TetB	TetR
G31	Aac6-Iy	AadA2	SulI	TetA	TetR
G32	Aac6-Iy
G33	Aac6-Iy
G34	Aac6-Iaa
G35	Aac6-Iaa
G36	Aac6-Iaa	AadA2	CMY-69	DfrA12	FloR	OqxA	OqxBgb	StrA	StrB	SulII	TetA	TetR
G37	Aac6-Iy	StrA	StrB	TetA	TetR
G38	Aac6-Iy
G39	Aac6-Iy
G40	Aac6-Iy	AadA5	DfrA17	SulI	TetA	TetR
G41	Aac6-Iaa	AadA2	DfrA12	FloR	MphB	StrA	StrB	SulII	SulI	TEM-198	TetA	TetR
G42	Aac6-Iaa	AadA2	DfrA12	FloR	MphB	StrA	StrB	SulII	SulI	TEM-198	TetA	TetR
G43	Aac6-Iy
G44	Aac6-Iy	AadA2	DfrA12	SulI	TetA	TetR
G45	Aac6-Iaa
G46	Aac6-Iy
G47	Aac6-Iy	AadA5	AadA1-pm	DfrA17	FloR	LnuF	OqxA	OqxBgb	StrA	StrB	SulII	TetA	TetR
G48	Aac6-Iaa
G49	Aac6-Iaa	QnrB19
G50	Aac6-Iaa	Aph3-Id	QnrB19	StrA	StrB	SulII	TetA	TetR
G51	Aac6-Iaa	FloR	QnrB19	TetA	TetR
G52	Aac6-Iy	AadB	Aph3-Ia	CmlA5	FloR	StrA	StrB	SulII	TEM-198	TetA	TetR
G53	Aac3-IId	Aac6-Iy	AadA5	AadA1-pm	DfrA17	FloR	LnuF	OqxA	OqxBgb	QnrB19	StrA	StrB	SulII	TEM-198	TetA	TetR
G54	Aac6-Iy
G55	Aac6-Iaa
G56	Aac3-IId	Aac6-Iaa	AadA2	CMY-33	DfrA12	FloR	StrA	StrB	SulIII	SulII	TetA	TetR
G57	Aac6-Iy
G58	Aac6-Iy
G59	Aac6-Iy
G60	Aac6-Iy
G61	Aac6-Iy
G62	Aac6-Iy
G63	Aac6-Iaa
G64	Aac6-Iy
G65	Aac6-Iy	QnrB19
G66	Aac6-Iaa	FloR	StrA	StrB	SulII	TEM-30	TetA	TetR
G67	Aac6-Iy	MphA	TetA	TetR
G68	Aac6-Iy
G69	Aac6-Iy	QnrB19
G70	Aac6-Iy
H56	Aac6-Iy	QnrB19
H57	Aac6-Iaa
H58	Aac6-Iy
H60	Aac6-Iy
H61	Aac6-Iy	QnrB19
H62	Aac3-IId	Aac6-Iaa	AadA2	CMY-44	DfrA12	FloR	OqxA	OqxBgb	QnrB19	StrA	StrB	SulIII	SulII	TetA	TetR
H63	Aac6-Iaa	AadA12	CMY-44	FloR	LnuF	QnrB19	StrA	StrB	SulII	TetA	TetR
H64	FloR	StrA	StrB	SulII	TetA	TetR
H65	Aac6-Iy
H67	Aac3-IId	Aac6-Iy	AadA5	DfrA17	FloR	OqxA	OqxBgb	QnrB19	StrA	StrB	SulII	TEM-198	TetA	TetR
H68	Aac6-Iy
H69	Aac6-Iy	AadA1-pm	StrA	StrB	SulI	TetA	TetR
H70	Aac6-Iaa
H71	Aac6-Iy	AadA15	FloR	OqxA	OqxBgb	TetA	TetR
H72	Aac6-Iy
H80	AMPH	AmpC1	AmpC2	Penicillin_Binding_Protein_Ecoli
H81	AMPH	AmpC1	AmpC2	Penicillin_Binding_Protein_Ecoli
H82	AMPH	AmpC1	AmpC2	Penicillin_Binding_Protein_Ecoli
H83	AMPH	AadA1-pm	AmpC1	AmpC2	CatA1	OXA-1	Penicillin_Binding_Protein_Ecoli	TetB
H84	Aac6-Iaa
H85	AMPH	AmpC1	AmpC2	Penicillin_Binding_Protein_Ecoli	SulII
H86	Aac6-Iy	Cfr	FloR	QnrB19	StrA	StrB	SulII	TetA	TetR
H87	Aac6-Iy
H88	Aac6-Iy
H89	Aac6-Iy	AadA2	QnrB19	SulI	TetA	TetR
H90	Aac6-Iy	QnrB19
H91	Aac3-IId	Aac6-Iaa	AadA5	DfrA17	OqxA	OqxBgb	QnrB19	StrA	StrB	SulII	TEM-198	TetA	TetR
H92	Aac6-Iy
H93	Aac6-Iy	AadA8b	DfrA12	FloR	QnrB19	StrA	StrB	SulII	SulI	TetA	TetR
H94	Aac6-Iy
H95	Aac6-Iy	StrA	StrB
H96	Aac6-Iy	AadA2	SulI	TetA	TetR
H97	Aac6-Iy	AadA2	DfrA12	FloR	StrA	StrB	SulII	TetA	TetR
H98	Aac6-Iaa
H99	Aac6-Iy
I01	Aac6-Iy
I02	Aac6-Iy
I03	Aac6-Iaa	CMY-44	FloR	QnrB19	StrA	StrB	SulII	TetA	TetR
I04	Aac6-Iy
I05	Aac6-Iaa	FloR	TetA	TetR
I06	Aac6-Iaa
I07	Aac6-Iy	AadA5	AadA1-pm	DfrA17	FloR	LnuF	OqxA	OqxBgb	StrA	StrB	SulII	TEM-191	TetA	TetR
I08	Aac6-Iy	AadA2	SulI	TetA	TetR
I09	Aac6-Iaa
I10	Aac6-Iy	QnrB19	SHV-39
I11	Aac3-IId	Aac6-Iy	AadA5	DfrA17	FloR	OqxA	OqxBgb	StrA	StrB	SulII	TEM-198	TetA	TetR
I12	Aac3-IId	Aac6-Iy	AadA5	AadA1-pm	DfrA17	FloR	LnuF	StrA	StrB	SulII	TEM-198	TetA	TetR
I13	Aac3-IId	Aac6-Iy	AadA5	AadA1-pm	DfrA17	FloR	LnuF	OqxA	OqxBgb	QnrB19	StrA	StrB	SulII	TEM-30	TetA	TetR
I14	Aac6-Iy	SHV-39
I15	Aac6-Iy
I16	Aac6-Iy
I17	Aac6-Iy	QnrB19
I18	Aac6-Iy	AadA2	QnrB19	SulI	TetA	TetR
I19	Aac3-IId	Aac6-Iy	AadA5	AadA1-pm	DfrA17	FloR	LnuF	OqxA	OqxBgb	QnrB19	StrA	StrB	SulII	TEM-198	TetA	TetR
I20	Aac3-IId	Aac6-Iy	AadA5	AadA1-pm	DfrA17	FloR	LnuF	OqxA	OqxBgb	QnrB19	StrA	StrB	SulII	TEM-198	TetA	TetR
I21	Aac6-Iy	AadA5	DfrA17	FloR	OqxA	OqxBgb	StrA	StrB	SulII	TEM-198	TetA	TetR
I22	Aac6-Iy
I23	Aac6-Iy
I24	Aac6-Iy
I25	Aac6-Iy
I26	Aac6-Iaa	QnrB19
I27	Aac6-Iy	AadA2	DfrA12	FloR	QnrB19	SulII	SulI	TetA	TetR
I28	Aac6-Iy
I29	Aac3-IId	Aac6-Iy	AadA5	AadA1-pm	DfrA17	FloR	LnuF	OqxA	OqxBgb	QnrB19	StrA	StrB	SulII	TEM-198	TetA	TetR
I30	Aac6-Iy
I31	Aac6-Iaa	AadA5	AadA1-pm	DfrA17	FloR	LnuF	QnrB19	StrA	StrB	SulII	TEM-198	TetA	TetB	TetR
I32	Aac6-Iaa	TetB
I33	Aac6-Iaa	AadA5	AadA1-pm	DfrA17	FloR	LnuF	QnrB19	StrA	StrB	SulII	TEM-198	TetA	TetB	TetR
I34	Aac6-Iaa
I35	Aac6-Iy	AadA2	CARB-2	DfrA1	FloR	MphA	Qnr-A1	SulI	TetA	TetR
I36	Aac6-Iy
I37	Aac3-IId	Aac6-Iaa	AadA2	DfrA12	FloR	OqxA	OqxBgb	QnrB19	StrA	StrB	SulIII	SulII	TetA	TetR
I38	Aac6-Iy
I39	Aac6-Iy
I40	Aac6-Iy	AadA2	FloR	LnuF	Qnr-S1	StrA	StrB	SulII	TEM-183	TetA	TetR
I41	Aac6-Iy
I42	Aac6-Iaa
I43	Aac6-Iy
I44	Aac6-Iy
I45	Aac6-Iy
I46	Aac6-Iy
I47	Aac6-Iaa	FloR	TetA	TetR
I48	Aac6-Iy
I49	Aac6-Iy	QnrB19
I50	Aac6-Iy
I51	Aac6-Iy	QnrB19
I53	Aac6-Iaa	FloR	StrA	StrB	SulII	TetA	TetR
I54	Aac6-Iaa	QnrB19	TetA	TetR
I55	Aac6-Iaa
I56	Aac6-Iy	AadA2	CARB-2	DfrA12	Qnr-A1	SulI	TetG	TetRG
I57	Aac6-Iaa	Aph3-Id	QnrB19	StrA	StrB	SulII	TetA	TetR
I58	QnrD	TetJ
I59	FAILED
I60	Aac6-Iy	QnrB19	SulII	TetA	TetR
I61	Aac3-IId	Aac6-Iy	AadA5	DfrA17	FloR	OqxA	OqxBgb	StrA	StrB	SulII	TEM-198	TetA	TetR
I62	Aac6-Iy
I63	Aac6-Iy	AadA2	QnrB19	SulI	TetA	TetR
I64	Aac6-Iy
I65	Aac6-Iy
I66	Aac6-Iy
I67	Aac6-Iy
I68	Aac6-Iy	FloR	StrA	StrB	SulII	TetA	TetR
I69	Aac6-Iaa
I70	Aac6-Iaa
I71	Aac3-IId	Aac6-Iy	AadA5	AadA1-pm	DfrA17	FloR	LnuF	OqxA	OqxBgb	QnrB19	StrA	StrB	SulII	TetA	TetR
I72	Aac6-Iy
I73	Aac6-Iy
I74	Aac6-Iaa	AadA2	DfrA12	FloR	OqxA	OqxBgb	QnrB19	StrA	StrB	SulII	TetA	TetR
I75	Aac6-Iy
I76	Aac6-Iy	StrA	StrB	SulII	TetA	TetR
I77	Aac6-Iy	QnrB19
I78	Aac6-Iy
I79	Aac6-Iy
I80	Aac6-Ic	AadA1-pm	SulI	Tet-41
I81	Aac6-Iy
I82	Aac6-Iy
I83	Aac6-Iy	AadA2	SulI	TetA	TetR
I84	Aac6-Iy
I85	Aac6-Iy
I86	Aac6-Iy
I87	Aac6-Iy	AadA2	CARB-2	Dfr16	FloR	StrA	StrB	SulII	SulI	TetA	TetR
I88	Aac6-Iy
I89	Aac6-Iy	AadA8b	DfrA12	FloR	QnrB19	StrA	StrB	SulII	SulI	TetA	TetR
I90	Aac6-Iaa	QnrB19
I91	Aac6-Iy	AadA2	DfrA12	FloR	SulII	SulI	TetB
I92	Aac6-Iy
I93	Aac6-Iaa
I94	Aac6-Iy
I95	Aac6-Iy	AadA2	CARB-2	Dfr16	EreA	FloR	QnrB19	TetA	TetR
I96	Aac6-Iy	StrA	StrB	SulII	TetA	TetR
I97	Aac6-Iy
I98	Aac6-Iaa
I99	Aac3-IId	Aac6-Iaa	AadA5	DfrA17	FloR	OqxA	OqxBgb	QnrB19	StrA	StrB	SulII	TEM-198	TetA	TetR
J01	Aac3-IId	Aac6-Iy	AadA5	CARB-2	DfrA17	FloR	OqxA	OqxBgb	QnrB19	StrA	StrB	SulII	TEM-198	TetA	TetR
J02	Aac6-Iy
J03	Aac6-Iy
J04	Aac6-Iy
J05	Aac6-Iy
J06	Aac6-Iy	StrA	StrB	TetA	TetR
J07	Aac6-Iaa	StrB	TetR
J08	Aac6-Iy	AadA8b	DfrA12	FloR	StrA	StrB	SulII	TetA	TetR
J09	Aac6-Iy	QnrS2
J10	Aac6-Iy	AadA2	SulI	TetA	TetR
J11	Aac6-Iy
J12	Aac6-Iaa	AadA1-pm	CatA2	CmlA1	DfrA12	FloR	MefB	OqxA	OqxBgb	SulIII	TEM-141	TetC
J13	Aac6-Iy
J14	Aac6-Iy	AadA2	CARB-2	DfrA12	FloR	Qnr-A1	SulII	SulI	TetB
J15	Aac6-Iy
J16	Aac6-Iaa	CMY-44	FloR	OqxA	OqxBgb	StrA	StrB	SulII	TetA	TetR
J17	Aac6-Iy	AadA2	CARB-2	DfrA12	Qnr-A1	SulI	TetC
J18	Aac3-IId	Aac6-Iy	AadA5	DfrA17	FloR	OqxA	OqxBgb	StrA	StrB	SulII	TEM-198	TetA	TetR
J19	Aac6-Iy	QnrS2
J20	Aac6-Iy
J21	Aac6-Iaa	AadA2	DfrA12	FloR	MphB	StrA	StrB	SulII	SulI	TEM-198	TetA	TetR
J22	Aac6-Iaa	AadA8b	DfrA12	FloR	MphB	StrA	StrB	SulII	SulI	TEM-176	TetA	TetR
J23	Aac6-Iaa	TetC
J24	Aac6-Iaa	QnrB19
J25	Aac6-Iy
J26	Aac6-Iy
J27	Aac6-Iaa	QnrB19
J28	Aac6-Iaa
J29	Aac6-Iy	AadA2	CARB-2	DfrA12	FloR	Qnr-A1	SulII	SulI	TetB
J30	Aac6-Iy	AadA2	DfrA12	FloR	StrA	StrB	SulII	TetA	TetR
J31	Aac6-Iy
J32	Aac6-Iy
J33	Aac6-Iaa
J34	Aac6-Iy
J35	Aac6-Iaa	AadA2	DfrA12	FloR	MphB	StrA	StrB	SulII	SulI	TEM-198	TetA	TetR
J36	Aac6-Iaa
J37	Aac6-Iy	AadA2	DfrA12	FloR	StrA	StrB	SulII	SulI	TetA	TetR
J38	Aac6-Iaa	Aph3-Id	QnrB19	StrA	StrB	SulII	TetA	TetR
J39	Aac6-Iy
J40	Aac6-Iy
J41	Aac6-Iaa	AadA2	CARB-2	FloR	SulI	TetG	TetRG
J42	Aac6-Iaa	AadA2	DfrA12	FloR	MphB	SulI	TetA	TetR
J43	Aac6-Iy
J44	Aac6-Iaa	QnrB19	TetA	TetR
J45	Aac6-Iy
J46	Aac6-Iy
J47	Aac6-Iy
J48	Aac6-Iy
J49	Aac6-Iaa	AadA2	CARB-2	FloR	SulI	TetG	TetRG
J50	Aac6-Iaa
J51	Aac6-Iy	StrA	StrB	TetA	TetR
J52	Aac6-Iy	AadA2	QnrB19	SulI	TetA	TetR
J53	Aac6-Iy	QnrB19
J54	Aac6-Iaa
J55	Aac3-IIa	Aac6-Iy	Aph3-Ia	QnrB19	StrA	StrB	SulII	TEM-198	TetB
J56	Aac6-Iy	QnrB19
J58	Aac6-Iaa	Aph3-Id	StrA	StrB	SulII	TetA	TetR
J59	Aac6-Iy
J60	Aac6-Iaa	CMY-44	DfrA12	FloR	QnrB19	StrA	StrB	SulII	TetA	TetR
J61	Aac6-Iaa	Aph3-Id	QnrB19	StrA	StrB	TetA	TetR
J62	Aac6-Iy
J63	Aac6-Iaa	Aph3-Id	StrA	StrB	SulII	TetA	TetR
J64	Aac6-Iy	QnrB19
J65	Aac6-Iy
J66	Aac6-Iaa	Aph3-Id	StrA	StrB	SulII	TetA	TetR
J67	Aac6-Iy	FloR	TEM-30	TetA	TetR
J68	Aac6-Iy	TetB
J69	Aac6-Iaa	Aph3-Id	QnrB19	StrA	StrB	SulII	TetA	TetR
J70	Aac6-Iy	AadA2	SulI	TetA	TetR
J71	Aac3-IId	Aac6-Iaa	AadA2	CMY-44	DfrA12	QnrB19	StrA	StrB	SulII	TetA	TetR
J72	Aac6-Iaa
J73	Aac6-Iy
J74	Aac6-Iy
J75	Aac6-Iy	AadA7	SulI	TetA	TetR
J76	Aac6-Iy	Aph3-Id	QnrB19	StrA	StrB	SulII	TetA	TetR
J77	Aac6-Iaa	AadA1-pm	Aph3-Id	QnrB19	StrA	StrB	SulII	TetA	TetR
J78	Aac6-Iy	QnrB19	TetJ
J79	Aac6-Iaa	FloR	StrA	StrB	SulII	TetA	TetR
J80	Aac6-Iy	AadA2	Aph3-Ia	DfrA19	QnrB2	SHV-12	StrA	StrB	SulI	TEM-30	TetD
J81	Aac6-Iy	AadA2	Aph3-Ia	CatA2	DfrA19	SHV-12	StrA	StrB	SulI	TEM-198	TetD
J82	Aac6-Iy
J83	Aac6-Iy
J84	Aac6-Iy	AadA7	QnrS2	SulI	TetA	TetR
J85	Aac6-Iy
J86	Aac6-Iy
J87	Aac6-Iy
J88	Aac6-Iy
J89	Aac6-Iaa	QnrB19
J90	Aac6-Iy
J91	Aac6-Iy
J92	Aac6-Iy	AadA2	CARB-2	Dfr16	EreA	FloR	QnrB19	TetA	TetR
J93	Aac6-Iy	QnrB19
J94	Aac6-Iy	QnrB19
J95	Aac3-IId	Aac6-Iy	AadA5	AadA1-pm	DfrA17	FloR	LnuF	QnrB19	TetA	TetR
J96	Aac6-Iy
J97	Aac6-Iaa
J98	Aac6-Iy	TetC
J99	Aac6-Iy	QnrB19
K01	Aac6-Iy	AadA8b	DfrA12	SulI	TetA	TetR
K02	Aac6-Iaa	QnrB19	StrA	StrB	SulII	TetA	TetR
K03	Aac6-Iy	FloR	StrA	StrB	SulII	TEM-168	TetA	TetR
K04	Aac6-Iy
K05	Aac6-Iy
K06	Aac6-Iaa	FloR	StrA	StrB	SulII	TetA	TetR
K07	Aac6-Iaa	FloR	StrA	StrB	SulII	TetA	TetR
K08	Aac6-Iaa
K09	Aac6-Iaa
K10	Aac6-Iaa	QnrB19
K11	Aac6-Iaa	QnrB19
K12	Aac6-Iaa	Aph3-Id	QnrB19	StrA	StrB	SulII	TetA	TetR
K13	Aac6-Iy
K14	Aac6-Iy	FloR	StrA	StrB
K15	Aac6-Iy
K16	Aac6-Iaa	FloR	TetA	TetR
K17	Aac6-Iy
K18	Aac6-Iaa	FloR	OqxA	QnrB19	TetA	TetR
K19	Aac6-Iy
K20	Aac6-Iy
K21	Aac6-Iy
K22	Aac6-Iaa	FloR	StrA	StrB	SulII	TetA	TetR
K23	Aac6-Iy	AadA8b	DfrA12	SulI	TetA	TetR
K24	Aac6-Iy
K25	Aac6-Iaa
K26	Aac6-Iy
K27	Aac6-Iy	QnrB19
K28	Aac6-Iaa
K29	Aac6-Iaa
K30	Aac6-Iy	QnrB19	SulII	TetA	TetR
K31	Aac6-Iy
K32	Aac6-Iaa	FloR	QnrB19	TetA	TetR
K33	Aac6-Iy	QnrB19	TetR
K34	Aac6-Iy
K35	Aac6-Iy
K36	Aac6-Iy	AadA2	CARB-2	CatA2	DfrA12	Qnr-A1	SulI	TetA	TetR
K37	Aac6-Iaa
K38	Aac6-Iaa	AadA2	DfrA12	FloR	QnrB19	SulII	SulI
K39	Aac6-Iaa	AadA2	CARB-2	FloR	SulI	TetG	TetRG
K40	Aac6-Iaa	AadA2	CARB-2	FloR	SulI	TetG	TetRG
K41	Aac6-Iaa
K42	Aac6-Iy
K43	Aac6-Iaa	FloR	QnrB19	TetA	TetR
K44	Aac6-Iy	QnrB19
K45	Aac6-Iaa	AadA1-pm	FloR	OqxA	OqxBgb	QnrB19	StrA	StrB	SulII	SulI	TEM-198	TetA	TetG	TetRG	TetR
K46	Aac6-Iy
K47	Aac3-IId	Aac6-Iy	AadA5	AadA1-pm	DfrA17	FloR	LnuF	OqxA	OqxBgb	StrA	StrB	SulII	TEM-70	TetA	TetR
K48	Aac6-Iaa
K49	Aac6-Iy	AadA2	DfrA12	FloR	StrA	StrB	SulII	SulI	TetA	TetR
K50	Aac6-Iy
K51	Aac6-Iaa
K52	Aac6-Iaa
K53	Aac6-Iaa	QnrB19	TetA	TetR
K54	Aac6-Iy	AadA7	AadA2	DfrA12	FloR	QnrS2	QnrB19	StrA	StrB	SulII	SulI	TetA	TetR
K55	Aac6-Iy
K56	Aac6-Iaa
K57	Aac6-Iaa
K58	Aac6-Iy
K59	Aac6-Iy	AadA7	QnrS2	SulI	TetA	TetR
K60	Aac6-Iy	AadA7	SulI	TetA	TetR
K61	Aac6-Iaa	FloR	QnrB19	TetA	TetR
K62	Aac3-IId	Aac6-Iaa	AadA2	CMY-44	DfrA12	FloR	OqxA	OqxBgb	StrA	StrB	SulII	TetA	TetR
K63	Aac6-Iy
K64	Aac6-Iaa	FloR	StrA	StrB	SulII	TetA	TetR
K65	Aac6-Iy	StrA	StrB	TetA	TetR
K66	Aac6-Iaa	Aph3-Id	QnrB19	StrA	StrB	SulII	TetA	TetR
K67	Aac6-Iaa
K68	Aac6-Iy
K69	Aac6-Iaa	TetA	TetR
K70	Aac6-Iaa
K71	Aac6-Iy	AadA8b	DfrA12	MphA	SulII	SulI	TetA	TetR
K72	Aac6-Iaa	FloR	QnrB19	TetA	TetR
K73	Aac6-Iy
K74	Aac6-Iaa	FloR	StrA	StrB	SulII	TetA	TetR
K75	Aac6-Iy	FloR	TetA	TetR
K76	Aac6-Iaa	AadA2	CARB-2	FloR	SulI	TetG	TetRG
K77	Aac6-Iy	QnrB19	SulII	TetA	TetR
K78	Aac6-Iy	QnrB19	SulII	TetA	TetR
K79	Aac6-Iy
K80	Aac6-Iy	AadA2	CARB-2	DfrA1	FloR	MphA	Qnr-A1	SulI	TetA	TetR
K81	Aac6-Iy
K82	Aac6-Iy	Qnr-S1	TEM-30
K83	Aac6-Iy	FloR	StrA	StrB	SulII	TetA	TetR
K84	Aac6-Iaa	FloR	TetA	TetR
K85	Aac6-Iaa	FloR	QnrB19	TEM-198	TetA	TetR
K86	Aac6-Iy	AadA2	Aph3-Ia	DfrA19	QnrB2	SHV-12	StrA	StrB	SulI	TEM-141	TetD
K87	Aac6-Iy
K88	Aac6-Iy	AadA5	AadA1-pm	DfrA17	FloR	LnuF	QnrB19	StrA	StrB	SulII	TEM-141	TetA	TetR
K89	Aac6-Iy
K90	Aac6-Iy
K91	Aac6-Iy	AadA2	SulI	TetA	TetR
K92	Aac6-Iy	AadA1-pm	FloR	LnuF	OqxA	OqxBgb	TetA	TetR
K93	Aac6-Iaa
K95	Aac6-Iy	AadA2	SulI	TetA	TetR
K96	Aac6-Iy	TetA	TetR
K97	Aac6-Iy	AadA5	FloR	OqxA	OqxBgb	TEM-198	TetA	TetR
K98	Aac6-Iy	QnrB19
K99	Aac6-Iy
L01	Aac6-Iy
L02	Aac6-Iy
L03	Aac6-Iy
L04	Aac6-Iy	AadA2	QnrB19	SulI	TetA	TetR
L05	Aac6-Iy	AadA8b	CARB-2	DfrA12	Qnr-A1	QnrB19	SulI
L06	Aac6-Iy	AadA2	DfrA12	FloR	StrA	StrB	SulII	SulI	TetA	TetR
L07	Aac6-Iaa
L08	Aac6-Iy
L11	Aac6-Iaa
L12	Aac6-Iaa
L13	Aac3-Iva	Aac6-Iy	AadA1-pm	Aph4-Ia	CTX-M-65	FloR	FosA	SulI	TetA	TetR
L14	Aac6-Iy	AadA2	QnrB19	SulI	TetA	TetR
L15	Aac6-Iaa
L16	Aac6-Iy	AadA7	QnrS2	SulI	TetA	TetR
L17	Aac6-Iy	AadA2	CARB-2	DfrA12	Qnr-A1	SulI
L18	Aac3-IId	Aac6-Iy	AadA5	DfrA17	FloR	OqxA	OqxBgb	StrA	StrB	SulII	TEM-198	TetA	TetR
L19	Aac6-Iaa
L20	Aac6-Iy	AadA2	QnrB19	SulI	TetA	TetR
L21	Aac6-Iy
L22	Aac6-Iaa
L23	Aac6-Iy
L24	Aac6-Iy	AadA2	Dfr23	FloR	QnrB19	StrA	StrB	SulII	SulI	TetA	TetR
L25	Aac6-Iy	AadA8b	DfrA12	FloR	QnrB19	StrA	StrB	SulII	SulI	TetA	TetR
L26	Aac6-Iaa
L27	Aac6-Iaa
L28	Aac6-Iaa
L29	Aac6-Iaa
L30	Aac6-Iy
L31	Aac6-Iy
L32	Aac6-Iaa
L33	Aac6-Iy
L34	Aac6-Iy	AadA2	CARB-2	DfrA1	FloR	MphA	Qnr-A1	SulI	TetA	TetR
L35	Aac6-Iaa	StrA	StrB	SulII	TEM-198	TetB
L36	Aac6-Iy	FloR	QnrB19	StrA	StrB	SulII	TEM-30	TetA	TetR
L37	Aac6-Iy
L38	Aac3-Iva	Aac6-Iy	AadA1-pm	Aph3-Ia	Aph4-Ia	CTX-M-65	DfrA14	FloR	FosA	SulI	TetA	TetR
L39	Aac3-Iva	Aac6-Iy	AadA1-pm	Aph3-Ia	Aph4-Ia	CTX-M-65	DfrA14	FloR	FosA	SulII	SulI	TetA	TetR
L40	Aac6-Iy	AadA8b	DfrA12	FloR	QnrB19	SulII	SulI	TEM-198
L43	Aac6-Iy	AadA8b	DfrA12	FloR	QnrB19	StrA	StrB	SulII	SulI	TetA	TetR
L44	Aac6-Iy
L45	Aac6-Iy
L46	Aac6-Iy
L47	Aac6-Iaa	QnrB19
L48	Aac6-Iaa	FloR	StrA	StrB	SulII	TetA	TetR
L49	Aac6-Iy
L50	Aac6-Iy	QnrB19
L51	Aac6-Iy	QnrB19
L52	Aac6-Iy
L53	Aac6-Iaa	FloR	StrA	StrB	SulII	TetA	TetR
L54	Aac6-Iy	AadA1-pm	DfrA1	QnrB19	SulI	TetA	TetR
L55	Aac6-Iaa
L56	Aac6-Iaa	QnrB19	StrA	StrB	SulII	TEM-33	TetB
L57	Aac6-Iaa
L58	Aac6-Iaa
L59	Aac6-Iy
L60	Aac6-Iaa
L61	Aac6-Iy
L62	Aac6-Iy
L63	Aac6-Iy
L64	Aac6-Iy	AadA2	DfrA12	FloR	QnrB19	StrA	StrB	SulII	SulI	TetA	TetR
L65	Aac6-Iy
L66	Aac6-Iaa	FloR	OqxA	OqxBgb	QnrB19	StrA	StrB	SulII	TEM-30	TetA	TetR
L67	Aac6-Iaa	TetA	TetR
L68	Aac6-Iy	StrA	StrB	TetB
L69	Aac6-Iy
L70	Aac3-Iva	Aac6-Iy	AadA1-pm	Aph3-Ia	Aph4-Ia	CTX-M-65	DfrA14	FloR	SulI	TetA	TetR
L71	Aac6-Iy
L72	Aac6-Iaa
L73	Aac6-Iaa
L74	Aac6-Iy	AadA2	DfrA12	SulI
L75	Aac6-Iy
L76	Aac6-Iy	AadA8b	DfrA12	FloR	SulI	TetA	TetR
L77	Aac6-Iy	Qnr-S1	TEM-141
L78	Aac6-Iaa
L79	Aac6-Iy
L80	Aac6-Iy	AadA2	DfrA12	FloR	QnrB19	StrA	StrB	SulII	SulI	TetA	TetR
L81	Aac6-Iy	Qnr-S1	TEM-198
L82	Aac6-Iy	Qnr-S1	TEM-198
L83	Aac6-Iy
L84	Aac6-Iy
L85	Aac6-Iy
L86	Aac6-Iy	Qnr-S1	TEM-104
L87	Aac6-Iaa	FloR	StrA	StrB	SulII	TetA	TetR
L88	Aac6-Iaa	AadA2	DfrA12	FloR	StrA	StrB	SulII	SulI	TEM-198	TetA	TetR
L89	Aac6-Iaa
L90	Aac6-Iy	AadA2	DfrA12	SulI	TetA	TetR
L91	Aac6-Iy
L92	Aac6-Iy
L93	Aac3-IId	Aac6-Iaa	AadA5	AadA1-pm	DfrA17	FloR	QnrB19	StrA	StrB	SulII	TEM-198	TetA	TetR
L94	Aac6-Iaa
L95	Aac3-IId	Aac6-Iaa	AadA5	AadA1-pm	DfrA17	FloR	LnuF	OqxA	QnrB19	StrA	StrB	SulII	TEM-33	TetA	TetR
L96	Aac6-Iaa
L97	Aac3-IId	Aac6-Iy	AadA5	AadA1-pm	DfrA17	FloR	LnuF	OqxA	OqxBgb	TetA	TetR
L98	Aac6-Iy
L99	Aac6-Iy
M01	Aac6-Iaa	Aph3-Id	QnrB19	StrA	StrB	SulII	TetA	TetR
M02	Aac3-Iva	Aac6-Iy	AadA1-pm	Aph3-Ia	Aph4-Ia	CTX-M-65	DfrA14	FloR	FosA	SulI	TetA	TetR
M03	Aac6-Iaa
M04	Aac6-Iy	AadA2	DfrA12	SulI	TetA	TetR
M05	Aac6-Iy	StrA	StrB
M06	Aac6-Iy	QnrB19
M07	Aac6-Iy
M08	Aac6-Iy	AadA2	DfrA12	FloR	StrA	StrB	SulII	SulI	TetA	TetR
M09	Aac6-Iaa
M10	Aac6-Iaa
M11	Aac6-Iaa	QnrB19	StrA	StrB	SulII	TEM-33	TetB
M12	Aac6-Iy
M13	Aac6-Iy	FloR	SulII
M14	Aac6-Iy	FloR	SulII
M15	Aac6-Iy
M16	Aac6-Iy	StrA	StrB	SulII	TetA	TetR
M17	Aac6-Iy
M18	Aac6-Iaa
M19	Aac6-Iy	AadA2	FloR	LnuF	Qnr-S1	StrA	StrB	SulII	TEM-150	TetA	TetR
M20	Aac6-Iaa	FloR	OqxA	OqxBgb	StrA	StrB	SulII	TEM-33	TetA	TetR
M21	Aac6-Iy
M22	Aac6-Iy
M23	Aac6-Iy	DfrA1	FloR	MphA	SulI	TetA	TetR
M24	Aac6-Iy
M25	Aac6-Iy	TetA	TetR
M26	Aac3-Iva	Aac6-Iy	AadA1-pm	Aph3-Ia	Aph4-Ia	CTX-M-65	DfrA14	FloR	FosA	SulI	TetA	TetR
M27	Aac6-Iaa
M28	Aac6-Iaa
M29	Aac6-Iy
M30	Aac6-Iy
M31	Aac6-Iy
M32	Aac6-Iy	QnrB19
M33	Aac6-Iaa	Aph3-Id	QnrB19	StrA	StrB	SulII	TetA	TetR
M33	Aac6-Iaa	Aph3-Id	QnrB19	StrA	StrB	SulII	TetA	TetR
M33	FAILED
M35	Aac6-Iy
M36	Aac6-Iy
M37	Aac6-Iaa	StrA	StrB	SulII	TetA	TetR
M38	Aac6-Iy
M39	Aac6-Iy	FloR	TetA	TetR
M40	Aac6-Iy	AadA2	DfrA12	FloR	QnrB19	StrA	StrB	SulII	TetA	TetR
M41	Aac6-Iy
M42	Aac6-Iy
M42	FAILED
M43	Aac6-Iy
M44	Aac6-Iaa	QnrB19
M45	Aac6-Iaa	AadA2	CatA2	CmlA1	DfrA12	FloR	MefB	OqxA	OqxBgb	SulIII	TEM-30	TetC
M46	Aac6-Iy	AadA7	AadA5	DfrA17	FloR	SulI	TetA	TetR
M47	Aac6-Iy	AadA7	AadA5	DfrA17	FloR	SulI	TetA	TetR
M48	Aac6-Iaa
M49	Aac6-Iaa
M58
M59	Aac6-Iaa
M60	Aac6-Iy
M61	Aac6-Iy
M62
M62	Aac6-Iaa
M63	Aac6-Iy
M64	Aac6-Iaa	Aph3-Id	QnrB19	StrA	StrB	SulII	TetA	TetR
M65	Aac6-Iaa
M66	Aac3-IId	Aac6-Iy	AadA5	AadA1-pm	DfrA17	FloR	LnuF	OqxA	OqxBgb	QnrB19	StrA	StrB	SulII	TEM-198	TetA	TetR
M67	Aac3-IId	Aac6-Iaa	AadA5	AadA1-pm	DfrA17	FloR	LnuF	OqxA	OqxBgb	StrA	StrB	SulII	TEM-33	TetA	TetR
M68	Aac3-IId	Aac6-Iaa	AadA5	AadA1-pm	DfrA17	FloR	LnuF	OqxA	OqxBgb	StrA	StrB	SulII	TEM-33	TetA	TetR
M69	Aac6-Iy
M70	Aac6-Iy
M71	Aac6-Iy
M72	Aac6-Iy
M73	Aac3-IId	Aac6-Iaa	AadA2	CMY-44	DfrA12	FloR	OqxA	OqxBgb	StrA	StrB	SulIII	SulII	TetA	TetR
M74	Aac6-Iy
M74	FAILED
M75	Aac3-IId	Aac6-Iaa	AadA5	DfrA17	FloR	OqxA	OqxBgb	QnrB19	StrA	StrB	SulII	TEM-33	TetA	TetR
M76	Aac6-Iy
M77	Aac6-Iy
M78	Aac6-Iy	AadA8b	DfrA12	SulI	TetA	TetR
M79	Aac6-Iaa
M80	Aac6-Iy
M81	Aac6-Iaa
M82	Aac6-Iy	AadA2	CatA2	DHA-1	DfrA12	FloR	SulII	SulI	TetA	TetC	TetR
M82	FAILED
M83	Aac6-Iy	FloR	StrA	StrB	SulII	TetA	TetR
M84	Aac6-Iy
M85	Aac6-Iaa
M86	Aac6-Iy
M87	Aac6-Iy	AadA2	DfrA12	FloR	StrA	StrB	SulII	SulI	TetB
O56	Aac6-Iaa	QnrB19	StrA	StrB	SulII	TEM-198	TetB
O57	Aac6-Iy	QnrB19	SulII	TetA	TetR
O58	Aac6-Iy	AadA5	DfrA14	DfrA17	Qnr-S1	StrA	StrB	SulIII	SulI	TEM-198	TetA	TetR
O59	Aac6-Iy
O60	Aac6-Iaa
O61	Aac6-Iy
O62	Aac6-Iy
O63	Aac6-Iaa
O64	Aac6-Iaa
O65	Aac6-Iy
O65	FAILED
O66	Aac6-Iy
O67	Aac3-IId	Aac6-Iaa	AadA2	CMY-44	DfrA12	FloR	OqxA	OqxBgb	StrA	StrB	SulII	TetA	TetR
O68	Aac3-IId	Aac6-Iaa	AadA2	DfrA12	FloR	OqxA	OqxBgb	StrA	StrB	SulIII	SulII	TetA	TetR
O69	Aac6-Iy
O70	Aac6-Iy
O71	Aac6-Iy	AadA7	QnrS2	SulI	TetA	TetR
O72	Aac6-Iy
O73	Aac6-Iy
O74	Aac6-Iaa
O75	Aac6-Iaa
O76	Aac6-Iaa
O77	Aac6-Iy
O78	Aac6-Iy
O79	Aac6-Iy
O80	Aac6-Iy	StrA
O81	Aac6-Iy	StrA
O82	Aac6-Iy
O83	Aac6-Iy
O84	Aac6-Iy
O85	Aac6-Iy
O86	Aac6-Iaa	AadA2	CARB-2	Dfr16	FloR	QnrB19	StrA	StrB	SulII	SulI	TetA	TetR
O87	Aac6-Iaa	QnrB19	StrA	StrB	SulII	TEM-30	TetB
O88	Aac6-Iy	StrA	StrB
O89	Aac6-Iy	AadA2	CARB-2	DfrA12	FloR	Qnr-A1	StrA	StrB	SulII	SulI	TetB
O90	Aac6-Iy	AadA2	CARB-2	DfrA12	FloR	Qnr-A1	StrA	StrB	SulII	SulI	TetB
O91	Aac6-Iaa
O92	Aac6-Iy	AadA8b	DfrA12	SulI	TetB	TetG	TetRG
O93	Aac3-IId	Aac6-Iy	AadA5	AadA1-pm	DfrA17	FloR	LnuF	OqxA	OqxBgb	QnrB19	StrA	StrB	SulII	TEM-33	TetA	TetR
O94	FAILED
O95	Aac6-Iy	AadA1-pm	CARB-2	CatA1	CmlA1	Dfr16	FloR	MefB	SulIII	TetB	TetM
O96	Aac6-Iaa	AadA1-pm	DfrA1	FloR	Sat-2A	StrA	StrB	SulII	TetA	TetR
O97	Aac6-Iaa
O98	Aac6-Iaa
O99	Aac6-Iy
P01	Aac6-Iy	AadA2	DfrA12	FloR	QnrB19	StrA	StrB	SulII	TetA	TetR
P02	Aac6-Iaa	AadA1-pm	CARB-2	CmlA1	FloR	MefB
P03	Aac6-Iaa	AadA2	DfrA12	FloR	StrA	StrB	SulII	SulI	TetA	TetR
P04	Aac6-Iy	AadA2	DfrA12	FloR	StrA	StrB	SulII	SulI	TetA	TetR
P05	Aac6-Iaa	QnrB19	TetA	TetR
P06	Aac6-Iaa	QnrB19	TetA	TetR
P07	Aac3-IId	Aac6-Iaa	AadA2	CMY-44	DfrA12	FloR	OqxA	OqxBgb	StrA	StrB	SulIII	SulII	TEM-30	TetA	TetR
P08	Aac6-Iy	StrA	StrB	TetA	TetR
P09	Aac6-Iy
P10	Aac6-Iy
P11	Aac6-Iy	Dfr16
P12	Aac6-Iaa
P13	Aac6-Iy
P14	Aac6-Iy	FloR	QnrB19	StrA	StrB	SulII	TetA	TetR
P15	Aac6-Iy	StrA	StrB	SulII	TetA	TetR
P16	Aac6-Iy	AadA8b	DfrA12	FloR	StrA	StrB	SulII	TetA	TetR
P17	Aac6-Iy
P18	Aac6-Iy
P19	Aac6-Iy	FloR	TetA	TetR
P20	Aac6-Iaa
P21	Aac3-IId	Aac6-Iy	AadA5	DfrA17	FloR	OqxA	OqxBgb	StrA	StrB	SulII	TEM-198	TetA	TetR
P22	Aac6-Iaa
P23	Aac6-Iy
P24	Aac6-Iy
P25	Aac3-Iva	Aac6-Iy	AadA1-pm	Aph4-Ia	CTX-M-65	FloR	SulI	TetA	TetR
P26	Aac6-Iy	AadA2	CMY-44	QnrB19	SulI	TetA	TetR
P27	Aac6-Iy
P28	Aac3-IId	Aac6-Iy	AadA5	AadA1-pm	DfrA17	FloR	LnuF	OqxA	OqxBgb	QnrB19	SulII	TEM-33	TetA	TetR
P29	Aac6-Iy
P30	Aac6-Iy	AadA7	QnrS2	SulI	TetA	TetR
P31	Aac6-Iy	AadA2	QnrB19	SulI	TetA	TetR
P32	Aac6-Iaa
P33	Aac6-Iaa
P34	Aac3-IId	Aac6-Iaa	AadA2	DfrA12	FloR	StrA	StrB	SulII	TetA	TetR
P35	Aac3-IId	Aac6-Iy	AadA5	AadA1-pm	DfrA17	FloR	LnuF	OqxA	OqxBgb	QnrB19	StrA	StrB	SulII	TEM-70	TetA	TetR
P36	Aac6-Iy	AadA2	CARB-2	Dfr16	EreA	FloR	QnrB19	TetA	TetR
P37	Aac6-Iy
P38	Aac6-Iy
P39	Aac6-Iy
P40	Aac3-IId	Aac6-Iaa	AadA2	DfrA12	FloR	StrA	StrB	SulII	TetA	TetR
P41	Aac6-Iy	AadA2	DfrA12	SulI	TetB	TetG	TetRG
P42	Aac6-Iy	FloR	StrA	StrB	SulII	TetA	TetR
P43	Aac6-Iy	AadA1-pm	FloR	SulII	TetA	TetR
P44	Aac3-IId	Aac6-Iaa	AadA1-pm	DfrA12	FloR	StrA	StrB	SulII	TetA	TetR
P45	Aac3-Iva	Aac6-Iy	AadA1-pm	Aph4-Ia	CTX-M-65	FloR	FosA	SulI	TetA	TetR
P46	Aac6-Iy
P47	Aac6-Iy	FloR	StrA	StrB	SulII	TetA	TetR
P48	Aac6-Iy
P49	Aac6-Iy	QnrB19
P50	Aac6-Iaa	AadA2	CARB-2	FloR	SulI	TetG	TetRG
P51	Aac3-IId	Aac6-Iaa	AadA2	CMY-44	DfrA12	FloR	OqxA	OqxBgb	QnrB19	StrA	StrB	SulIII	SulII	TetA	TetR
P52	Aac6-Iy	QnrB19
P53	Aac3-IId	Aac6-Iaa	QnrB19	StrA	StrB	SulII	TEM-198
P54	Aac6-Iy	AadA2	SulI	TetA	TetR
P55	Aac6-Iaa
P56	Aac6-Iy	AadA2	CARB-2	DfrA12	FloR	Qnr-A1	StrA	StrB	SulII	SulI	TetB
P57	Aac6-Iaa	Aac6-If
P58	Aac6-Iy
P59	Aac6-Iy
P60	Aac6-Iaa
P61	Aac6-Iaa
P62
P63	Aac6-Iaa	FloR	QnrB19	TEM-33	TetA	TetR
P64	Aac6-Iaa	QnrB19
P65	Aac3-IId	Aac6-Iy	AadA5	AadA1-pm	DfrA17	FloR	LnuF	StrA	StrB	SulII	TEM-198	TetA	TetR
P66	Aac6-Iy	CMY-65	FloR	StrA	StrB	SulII	TetA	TetR
P67	Aac6-Iy
P68	Aac6-Iaa	QnrB19
P69	Aac3-IId	Aac6-Iaa	FloR	StrA	StrB	SulII	TEM-198	TetA	TetR
P70	Aac3-IId	Aac6-Iaa	FloR	StrA	StrB	SulII	TEM-198	TetA	TetR
P71	Aac6-Iy	AadA2	QnrB19	SulI	TetA	TetR
P72	Aac6-Iaa
P73	Aac6-Iy	QnrB19
P74	Aac3-IId	Aac6-Iy	AadA5	AadA1-pm	DfrA17	FloR	LnuF	OqxA	OqxBgb	QnrB19	StrA	StrB	SulII	TEM-33	TetA	TetR
P75	Aac3-IId	Aac6-Iy	AadA5	AadA1-pm	DfrA17	FloR	LnuF	OqxA	OqxBgb	QnrB19	StrA	StrB	SulII	TEM-70	TetA	TetR
P76	Aac3-IId	Aac6-Iy	AadA5	AadA1-pm	DfrA17	FloR	LnuF	OqxA	OqxBgb	QnrB19	StrA	StrB	SulII	TEM-198	TetA	TetR
P77	Aac6-Iy
P78	Aac6-Iy
P79	Aac6-Iaa	AadA2	CMY-44	DfrA12	FloR	StrA	StrB	SulII	TetA	TetR
P80	Aac6-Iy	QnrB19	StrA	StrB	TetA	TetR
P81	Aac6-Iy
P82	Aac6-Iy
P83	Aac6-Iy	QnrB19
P84	Aac6-Iy	AadA2	SulI	TetA	TetR
P85	Aac6-Iy	AadA2	QnrB19	SulI	TetA	TetR
P86	Aac6-Iy
P87	Aac6-Iy	CMY-44
P88	Aac6-Iy	TetC
P89	Aac6-Iaa
P90	Aac6-Iy	QnrB19
P91	Aac3-IId	Aac6-Iy	AadA5	DfrA17	FloR	StrA	StrB	SulII	TEM-198	TetA	TetR
P92	Aac6-Iy	AadA8b	DfrA12	FloR	QnrB19	StrA	StrB	SulII	SulI	TetA	TetR
P93	Aac6-Iy	AadA8b	DfrA12	FloR	SulIII	SulII	SulI	TEM-70	TetR
P94	Aac6-Iy	QnrB19
P95	Aac6-Iy
P96	Aac6-Iy
P97	Aac3-IId	Aac6-Iy	AadA5	AadA2	CARB-2	DfrA17	DfrA12	FloR	OqxA	OqxBgb	Qnr-A1	StrA	StrB	SulII	SulI	TEM-33	TetB
P98	Aac6-Iy	AadA2	CARB-2	DfrA12	FloR	Qnr-A1	StrA	StrB	SulII	SulI	TetB
P99	Aac6-Iy
Q01	Aac6-Iy
Q02	Aac6-Iaa	QnrB19
Q03	Aac6-Iy
Q04	Aac6-Iy
Q05	Aac6-Iy	QnrS2
Q06	Aac6-Iy
Q07	Aac6-Iy
Q37	Aac6-Iy
Q38	Aac6-Iy
Q39	Aac6-Iy	QnrS2
Q40	Aac6-Iy	AadA8b	DfrA12	SulI	TetA	TetR
Q41	Aac6-Iy	FloR	SulII	TetA	TetR
Q42	Aac6-Iy	FloR	SulII	TetA	TetR
Q43	Aac6-Iaa
Q44	Aac6-Iy	AadA2	DfrA12	FloR	Qnr-A1	QnrB19	StrA	StrB	SulI	TetA	TetR
Q45	Aac6-Iy	AadA2	QnrB19	SulI	TetA	TetR
Q46	Aac6-Iaa
Q47	Aac6-Iaa	QnrB19	TetA	TetR
Q48	Aac6-Iy	QnrB19
Q49	Aac6-Iaa
Q50	Aac6-Iy	AadA2	QnrB19	SulI	TEM-54	TetA	TetR
Q51	Aac3-IId	Aac6-Iy	AadA5	AadA1-pm	DfrA17	FloR	LnuF	OqxA	OqxBgb	QnrB19	StrA	StrB	SulII	TEM-198	TetA	TetR
Q52	Aac6-Iy
Q53	Aac6-Iaa
Q54	Aac6-Iaa	AadA2	DfrA12	FloR	StrA	StrB	SulIII	SulII	TetA	TetR
Q55	Aac6-Iaa	AadA2	CARB-2	Dfr16	EreA	FloR	QnrB19	TetA	TetR
Q56	Aac6-Iy	CMY-44	QnrB19
Q57	Aac6-Iaa	FloR	QnrB19	TetA	TetR
Q58	Aac6-Iaa
Q59	Aac6-Iaa	QnrB19	TetA	TetR
Q60	Aac6-Iy	StrA	StrB	TetA	TetR
Q61	Aac6-Iy
Q62	Aac6-Iy	DfrA25	QnrB2	SulI	TetA	TetR
Q63	Aac6-Iy	TEM-33	TetA	TetR
Q64	Aac6-Iy
Q65	Aac6-Iy
Q66	Aac6-Iy
Q68	Aac6-Iy
Q69	Aac6-Iy
Q70	Aac6-Iy
Q71	Aac6-Iy
Q72	Aac6-Iy
Q73	Aac6-Iy
Q74	Aac6-Iy	AadA2	SulI	TetA	TetR
Q75	Aac6-Iaa	Aph3-Id	StrA	StrB	SulII	TetA	TetR
Q76	Aac3-IId	Aac6-Iaa	AadA2	CMY-44	DfrA12	FloR	QnrB19	StrA	StrB	SulIII	SulII	TetA	TetR
Q77	Aac6-Iaa	FloR	QnrB19	TetA	TetR
Q78	Aac6-Iy
Q79	Aac6-Iy
Q80	Aac6-Iy
Q81	Aac6-Iaa
Q82	Aac6-Iaa
Q83	Aac6-Iaa	QnrB19
Q84	Aac6-Iy
Q85	Aac6-Iy
Q86	Aac6-Iy
Q87	Aac6-Iy
Q88	Aac6-Iy
Q89	Aac6-Iy	QnrB19
Q90	Aac6-Iy	QnrB19
Q91	Aac6-Iaa
Q92	Aac6-Iy	AadA2	CARB-2	DfrA1	FloR	MphA	Qnr-A1	SulI	TetA	TetR
Q93	Aac6-Iy	FloR	TetA	TetR
Q94	Aac6-Iy	FloR	TetA	TetR
Q95	Aac6-Iaa	QnrB19
Q96	Aac6-Iy	AadA8b	DfrA12	SulI	TetA	TetR
Q97	Aac6-Iaa	QnrB19
Q98	Aac6-Iaa	QnrB19	TetA	TetR
Q99	Aac6-Iy	QnrB19	SulII
R01	Aac6-Iy
R02	Aac6-Iaa	FloR	StrA	StrB	SulII	TetA	TetR
R03	Aac6-Iy
R04	Aac6-Iy
R05	Aac6-Iaa	FloR	QnrB19	TEM-176	TetA	TetR
R06	Aac6-Iy	AadA2	QnrB19	SulI	TetA	TetR
R07	Aac3-IId	Aac6-Iy	AadA5	AadA1-pm	DfrA17	FloR	LnuF	OqxA	OqxBgb	QnrB19	StrA	StrB	SulII	TEM-30	TetA	TetR
R08	Aac6-Iy	StrA	StrB	TetA	TetR
R09	Aac6-Iaa
R10	Aac6-Iy
R11	Aac6-Iy
R12	Aac6-Iaa
R13	Aac6-Iy	FloR	TEM-141	TetA	TetR
R14	Aac6-Iy
R15	Aac6-Iy	StrA	StrB	TetB
R16	Aac6-Iy
R17	Aac6-Iy	QnrB19
R18	Aac6-Iaa	QnrB19	StrA	StrB	SulII	TEM-198	TetB
R19	Aac6-Iy	AadA2	QnrB19	SulI	TEM-54	TetA	TetR
R20	Aac6-Iy
R21	Aac6-Iy	AadA8b	AadB	Aph3-Ia	CmlA5	DfrA12	FloR	QnrB2	StrA	StrB	SulII	SulI	TEM-198	TetA	TetR
R22	Aac6-Iy
R23	Aac6-Iaa	FloR	TetA	TetR
R24	Aac6-Iy	AadA8b	DfrA12	SulII	SulI
R25	Aac6-Iaa
R26	Aac6-Iaa
R27	Aac6-Iaa
R28	Aac6-Iy
R41	Aac6-Iaa	QnrB19	TetA	TetR
R42	Aac6-Iy
R43	Aac6-Iy	AadA2	CARB-2	DfrA1	FloR	MphA	Qnr-A1	SulI	TetA	TetR
R44	Aac6-Iy	QnrB19
R45	Aac6-Iy
R46	Aac6-Iaa
R47	Aac6-Iy
R48	Aac6-Iy
R49	Aac3-IId	Aac6-Iy	AadA5	DfrA17	FloR	StrA	StrB	SulII	TEM-30	TetA	TetR
R50	Aac6-Iy	AadA2	QnrB19	SulI	TetA	TetR
R51	Aac6-Iaa	QnrB19
R52	Aac6-Iy	StrA	StrB	TetA	TetR
R53	Aac6-Iaa
R56	Aac6-Iy
R57	Aac6-Iaa	QnrB19	TetA	TetR
R58	Aac6-Iaa	Aph3-Id	QnrB19	StrA	StrB	SulII	TetA	TetR
R59	Aac6-Iaa	AadA2	DfrA12	SulI	TetA	TetR
R60	Aac6-Iaa	QnrB19
R61	Aac6-Iaa
R62	Aac6-Iaa
R63	Aac6-Iy	FloR	StrA	StrB
R64	Aac6-Iy
R65	Aac6-Iy	AadA2	QnrB19	SulI	TetA	TetR
R66	Aac6-Iaa
R67	Aac6-Iaa	AadA2	CARB-2	Dfr16	FloR	QnrB19	StrA	StrB	SulII	SulI	TetA	TetR
R68	Aac6-Iaa	AadA5	AadA1-pm	DfrA17	FloR	LnuF	OqxA	OqxBgb	QnrB19	StrA	StrB	SulII	TEM-198	TetA	TetR
R69	Aac6-Iy
R70	Aac6-Iy
R71	Aac6-Iy	AadA8b	DfrA12	FloR	QnrB19	StrA	StrB	SulII	SulI	TetA	TetR
R72	Aac6-Iy	TEM-54
R73	Aac3-IId	Aac6-Iy	AadA5	AadA1-pm	DfrA17	FloR	LnuF	OqxA	StrA	StrB	SulII	TEM-198	TetA	TetR
R74	Aac6-Iy
R75	Aac6-Iy
R76	Aac6-Iy	AadA8b	DfrA12	FloR	QnrB19	StrA	StrB	SulII	SulI	TetA	TetR
R77	Aac6-Iy
R78	Aac6-Iy
R79	Aac6-Iaa	AadA5	DfrA17	QnrB19	StrA	StrB	TetA	TetR
R80	Aac6-Iy	QnrB19
R81	Aac6-Iy
R82	Aac6-Iy	AadA2	QnrB19	SulI	TetA	TetR
R83	Aac6-Iy
R84	Aac6-Iy	QnrB19
R85	Aac6-Iaa	QnrB19
R86	Aac6-Iy
R87	Aac3-IId	Aac6-Iy	AadA5	DfrA17	FloR	OqxA	OqxBgb	StrA	StrB	SulII	TEM-148	TetA	TetR
R88	Aac3-IId	Aac6-Iy	AadA5	AadA1-pm	DfrA17	FloR	LnuF	OqxA	OqxBgb	StrA	StrB	SulII	TEM-141	TetA	TetR
R89	Aac6-Iaa	QnrB19	StrA	StrB	SulII	TEM-198	TetB
R90	Aac6-Iaa	QnrB19
R91	Aac3-IId	Aac6-Iaa	AadA5	AadA1-pm	DfrA17	FloR	LnuF	StrA	StrB	SulII	TEM-30	TetA	TetR
R92	Aac6-Iy
R93	Aac6-Iy	QnrB19	SulII
R94	Aac6-Iaa	QnrB19	TetA	TetR
R95	Aac6-Iy
R96	Aac6-Iaa	QnrB19	TetA	TetR
R97	Aac6-Iy
R98	Aac6-Iy
R99	Aac6-Iy	StrA	StrB	TetA	TetR
S01	Aac6-Iy	AadA2	DfrA12	FloR	QnrB19	StrA	StrB	SulII	TetA	TetR
S02	Aac6-Iy
S03	Aac6-Iy	FloR	OqxA	OqxBgb	QnrB19	StrA	StrB	SulII	TEM-33	TetA	TetR
S04	Aac6-Iy	AadA2	DfrA12	FloR	QnrB19	StrA	StrB	SulII	TetA	TetR
S05	Aac6-Iy
S06	Aac6-Iy
S07	Aac6-Iaa	QnrB19
S08	Aac6-Iy
S09	Aac6-Iy
S10	Aac6-Iaa
S11	Aac3-IId	Aac6-Iaa	AadA5	AadA1-pm	DfrA17	FloR	LnuF	OqxA	OqxBgb	StrA	StrB	SulII	TEM-198	TetA	TetR
S12	Aac6-Iaa
S13	Aac6-Iy
S14	Aac6-Iy
S15	Aac6-Iaa	QnrB19
S16	Aac6-Iy
S17	Aac6-Iy
S18	Aac6-Iy	FloR	OqxA	OqxBgb	QnrB19	StrA	StrB	SulII	TEM-33	TetA	TetR
S19	Aac6-Iaa
S20	Aac6-Iy
S21	Aac6-Iy
S22	Aac3-IId	Aac6-Iy	AadA5	AadA1-pm	DfrA17	FloR	LnuF	OqxA	OqxBgb	QnrB19	StrA	StrB	SulII	TEM-105	TetA	TetR
S23	Aac3-IId	Aac6-Iy	AadA5	AadA1-pm	DfrA17	FloR	LnuF	OqxA	OqxBgb	QnrB19	StrA	StrB	SulII	TEM-70	TetA	TetR
S24	Aac3-Iva	Aac6-Iy	AadA1-pm	Aph3-Ia	Aph4-Ia	CTX-M-65	FloR	FosA	SulI	TetA	TetR
S25	Aac3-IId	Aac6-Iy	AadA5	AadA1-pm	DfrA17	FloR	LnuF	OqxA	OqxBgb	QnrB19	StrA	StrB	SulII	TEM-33	TetA	TetR
S26	Aac6-Iy
S27	Aac6-Iy	StrA
S28	Aac6-Iy
S61	Aac6-Iy
S62	Aac6-Iaa	QnrB19	TetA	TetR
S63	Aac6-Iaa	QnrB19
S64	Aac6-Iy
S65	Aac6-Iy
S66	Aac6-Iaa	QnrB19	TetA	TetR
S67	Aac6-Iy
S68	Aac6-Iy	AadA2	CARB-2	DfrA1	FloR	MphA	Qnr-A1	SulI	TetA	TetR
S69	Aac6-Iy
S70	Aac6-Iy
S71	Aac6-Iy
S72	Aac6-Iy
S73	Aac6-Iy
S74	Aac6-Iy
S75	Aac6-Iaa	Aph3-Id	QnrB19	StrA	StrB	SulII	TetA	TetR
S76	Aac6-Iy	AadA2	CARB-2	DfrA12	FloR	OqxA	OqxBgb	Qnr-A1	StrA	StrB	SulII	SulI	TetA	TetB	TetR
S77	Aac6-Iy
S78	Aac6-Iaa	QnrB19	StrA	StrB	SulII	TEM-33	TetB
S79	Aac6-Iy
S80	Aac6-Iy	FloR	QnrB19	StrA	StrB	TEM-34	TetA	TetR
S81	Aac6-Iy
S82	Aac6-Iy
S83	Aac6-Iaa
S84	Aac6-Iaa
S85	Aac6-Iaa
S86	Aac6-Iaa	QnrB19	StrA	StrB	SulII	TEM-70	TetB
S87	Aac6-Iy	FloR	QnrB19	SulIII
S88	Aac6-Iy	AadA5	DfrA17	FloR	OqxA	OqxBgb	StrA	StrB	SulII	TetA	TetR
S89	Aac6-Iy
S90	Aac6-Iaa
S91	Aac3-IId	Aac6-Iaa	AadA2	FloR	OqxBgb	QnrB19	StrA	StrB	SulIII	SulII	TetA	TetR
S92	Aac6-Iy	AadA1-pm	StrA	StrB	SulI	TetA	TetR
S93	Aac6-Iy	AadA1-pm	StrA	StrB	SulI	TetA	TetR
S94	Aac6-Iy
S95	Aac6-Iy	TetR
S96	Aac6-Iy
S97	Aac6-Iy	AadA8b	DfrA12	SulII	SulI	TetA	TetR
S98	Aac6-Iy
S99	Aac3-IId	Aac6-Iy	AadA5	DfrA17	FloR	OqxA	OqxBgb	QnrB19	StrA	StrB	SulII	TEM-33	TetA	TetR
T01	Aac6-Iaa
T02	Aac6-Iy	QnrB19
T03	Aac6-Iy
T04	Aac3-IId	Aac6-Iy	AadA5	DfrA17	FloR	OqxA	OqxBgb	StrA	StrB	SulII	TEM-198	TetA	TetR
T05	Aac6-Iy	QnrB19
T06	Aac6-Iy
T07	Aac6-Iy
T08	Aac6-Iy
T09	Aac6-Iy	StrA	StrB	TetB
T10	Aac6-Iy	AadA5	DfrA17	QnrB19	SulI	TetA	TetR
T11	Aac6-Iaa
T12	Aac6-Iaa
T13	Aac6-Iy
T14	Aac6-Iy
T15	Aac6-Iaa
T16	Aac6-Iaa
T17	Aac6-Iy
T18	Aac6-Iy	AadA2	CARB-2	DfrA12	FloR	Qnr-A1	StrA	StrB	SulII	SulI	TetB
T22	Aac6-Iy
T23	Aac6-Iy
T24	Aac6-Iy	FloR	QnrB19	StrA	StrB	SulII	TetA	TetR
T25	Aac6-Iy
T26	Aac6-Iy
T27	Aac6-Iy
T28	Aac6-Iy	AadA8b	DfrA12	QnrB19	StrA	StrB	SulII	SulI	TetA	TetR
T29	Aac6-Iaa
T30	Aac6-Iy
T31	Aac6-Iy	QnrB19
T32	Aac6-Iy
T33	Aac6-Iy
T34	Aac6-Iy	AadA8b	DfrA12	QnrB19	SulII	SulI	TetA	TetR
T35	Aac6-Iy	TetB
T36	Aac6-Iy	TetB
T37	Aac6-Iy
T38	Aac6-Iy	AadA2	SulI	TetA	TetR
T39	Aac6-Iy	QnrB19
T39	FAILED
T40	Aac3-Iva	Aac6-Iy	AadA1-pm	Aph3-Ia	Aph4-Ia	CTX-M-65	FloR	FosA	SulI	TetA	TetR
T41	Aac6-Iaa	AadA2	CatA2	CmlA1	DfrA12	FloR	MefB	SulIII	TEM-198	TetC
T42	Aac6-Iaa
T43	Aac6-Iy	AadA2	CARB-2	DfrA12	FloR	Qnr-A1	StrA	StrB	SulII	SulI	TetB
T44	Aac6-Iy	Aac6-Ii	MsrC	QnrB19	TetL
T45	Aac6-Iy
T46	Aac6-Iaa	QnrB19
T47	Aac6-Iy	CatA2	SulII	TetD
T48	Aac6-Iy
T49	Aac6-Iaa
T50	Aac6-Iy
T51	Aac6-Iaa
T52	Aac6-Iy
T53	Aac6-Iy
T54	Aac6-Iy
T55	Aac6-Iaa
T56	Aac6-Iy
T57	Aac6-Iy
T58	Aac6-Iy
T59	Aac6-Iy	AadA8b	DfrA12	FloR	Qnr-S1	StrA	StrB	SulII	SulI	TetA	TetR
T60	Aac6-Iy
T61	Aac6-Iy
T62	Aac6-Iy
T63	Aac6-Iy
T64	Aac6-Iy
T65	Aac6-Iy	AmpH	OqxA	OqxBgb	QnrB19	SHV-100	StrA	StrB	TetB
T66	Aac6-Iy
T76	Aac6-Iy
T77	Aac6-Iaa	TetC
T78	Aac6-Iaa	AadA2	DfrA12	FloR	QnrB19	StrA	StrB	SulII	TEM-70	TetB
T79	Aac3-IId	Aac6-Iy	AadA5	AadA2	CARB-2	DfrA17	DfrA12	FloR	LnuF	OqxA	OqxBgb	Qnr-A1	QnrB19	StrA	StrB	SulII	SulI	TEM-198	TetA	TetB	TetR
T80	Aac6-Iy
T81	Aac6-Iaa	QnrB19	TetA	TetR
T82	Aac6-Iaa	AadA2	CARB-2	FloR	QnrB19	SulI	TetG	TetRG
T83
T84	Aac6-Iaa
T85	Aac6-Iaa	QnrB19
T86	Aac6-Iy	AadA2	QnrB19	SulI	TetA	TetR
T87	Aac6-Iy	QnrB19
T88	Aac6-Iy
T89	Aac6-Iy
T90	Aac6-Iy	QnrB19
T91	Aac6-Iy	AadA2	SulI	TetA	TetR
T92	Aac3-IIa	Aac6-Iy	Aph3-Ia	StrA	StrB	SulII	TEM-33	TetB
T93	Aac6-Iy	AadA2	DfrA12	SulI	TetA	TetR
T94	Aac6-Iy
T95	Aac6-Iaa
T96	Aac3-Iva	Aac6-Iy	AadA1-pm	Aph3-Ia	Aph4-Ia	CTX-M-65	DfrA14	FloR	FosA	SulI	TetA	TetR
T97	Aac6-Iy
T98	Aac6-Iy
T99	Aac6-Iy	AadA2	CARB-2	Dfr16	EreA	FloR	QnrB19	TetA	TetR
U01	Aac6-Iy
U02	Aac6-Iaa
W61	Aac6-Iy
W62	Aac3-IId	Aac6-Iy	AadA5	AadA1-pm	DfrA17	FloR	LnuF	StrA	StrB	SulII	TEM-33	TetA	TetR
W63	Aac6-Iy	AadA2	DfrA12	SulI	TetA	TetR
W64	Aac6-Iy
W65	Aac6-Iaa	AadA2	CMY-33	DfrA12	FloR	OqxA	OqxBgb	QnrB19	StrA	StrB	SulII	TetA	TetR
W66	Aac6-Iaa	AadA2	CmlA1	DfrA12	FloR	MefB	OqxA	OqxBgb	QnrB19	SulIII	TEM-192	TetC
W67	Aac6-Iaa	FloR	StrA	StrB	SulII	TetA	TetR
W68	Aac6-Iy
W69	Aac6-Iaa	AadA1-pm	SulI
W70	Aac3-IId	Aac6-Iaa	StrA	StrB	SulII	TEM-30
W71	Aac6-Iy	QnrB19
W72	Aac6-Iaa
W73	Aac6-Iy
W74	Aac6-Iy
W75	Aac6-Iaa
W76	Aac6-Iy
W77	Aac6-Iy	AadA8b	DfrA12	SulI	TetA	TetR
W78	ACC-3
W79	Aac6-Iy
W80	Aac3-IId	Aac6-Iy	AadA5	AadA1-pm	DfrA17	FloR	LnuF	StrA	StrB	SulII	TEM-148	TetA	TetR
W81	Aac6-Iaa
W82	Aac6-Iy	StrA
W83	Aac6-Iy	StrA
W84	Aac6-Iy
W85	Aac6-Iy	QnrB19
W86	Aac3-Iva	Aac6-Iy	AadA1-pm	Aph3-Ia	Aph4-Ia	CTX-M-65	DfrA14	FloR	FosA	SulI	TetA	TetR
W87	Aac6-Iaa
W88	Aac6-Iy
W89	Aac6-Iy
W90	Aac6-Iy
W91	Aac6-Iy
W92	Aac3-IId	Aac6-Iy	AadA5	DfrA17	FloR	OqxA	OqxBgb	QnrB19	StrA	StrB	SulII	TEM-176	TetA	TetR
W93	Aac6-Iy
W94	Aac6-Iy
W95	Aac6-Iaa	QnrB19
W96	Aac6-Iy	FloR	TetA	TetR
W97	ACT-2	Aac3-IId	Aac6-Iaa	AadA5	DfrA17	FloR	QnrB19	StrA	StrB	SulII	TEM-70	TetA	TetR
W98	Aac6-Iy
W99	Aac6-Iaa
X01	Aac6-Iy	QnrB19
X02	Aac6-Iy	FloR	StrA	StrB	SulII	TetA	TetR
X03	Aac6-Iy
X04	Aac6-Iaa
X05	Aac6-Iy
X06	Aac6-Iy
X07	Aac6-Iy
X08	Aac6-Iy
X09	Aac6-Iaa	QnrB19	StrA	StrB	SulII	TEM-198	TetA	TetB	TetR
X10	Aac6-Iaa	QnrB19
X11	Aac6-Iy	FloR	QnrB19	StrA	StrB	SulII	TetA	TetR
X12	Aac6-Iy	FloR	QnrB19	StrA	StrB	SulII	TetA	TetR
X13	Aac6-Iaa	StrA	StrB	SulII	TEM-30	TetB
X14	Aac6-Iy
X15	Aac6-Iaa	CARB-2	FloR	SulI	TetA	TetR
X16	Aac6-Iy
X17	Aac3-IId	Aac6-Iaa	AadA2	DfrA12	FloR	QnrB19	StrA	StrB	SulIII	SulII	TetA	TetR
X18	Aac6-Iaa	FloR	QnrB19	TetA	TetR
X19	Aac6-Iaa
X20	Aac6-Iy	FloR	QnrB19	SulII	TetA	TetR
X21	Aac6-Iy
X23	Aac6-Iaa	AadA5	AadA1-pm	DfrA17	FloR	LnuF	QnrB19	StrA	StrB	SulII	TEM-70	TetA	TetR
X24	Aac6-Iy
X25	Aac6-Iy	AadA2	CARB-2	DfrA1	FloR	MphA	Qnr-A1	SulI	TetA	TetR
X26	Aac6-Iy
X27	Aac6-Iy
X28	Aac6-Iy
X29	Aac6-Iy
X30	Aac6-Iy
X31	Aac6-Iy
X32	Aac6-Iaa
X33	Aac3-IId	Aac6-Iy	AadA5	AadA1-pm	DfrA17	FloR	LnuF	OqxA	OqxBgb	QnrB19	StrA	StrB	SulII	TEM-176	TetA	TetR
X34	Aac6-Iy
X35	Aac6-Iy
X36	Aac6-Iy
X37	Aac6-Iy	StrA
X38	Aac6-Iy	AadA2	CARB-2	DfrA12	Qnr-A1	SulI	TetB
X39	Aac6-Iaa	QnrB19	TetA	TetR
X40	Aac6-Iy	CTX-M-14	FosA
X41	Aac6-Iaa
X42	Aac6-Iy	AadA2	SulI	TetA	TetR
X43	Aac6-Iy
X44	Aac6-Iy
X45	Aac6-Iy
X46	Aac6-Iy	QnrB19
X47	Aac6-Iaa
X48	Aac6-Iaa
X49	Aac6-Iy	AadA2	SulI	TetA	TetR
X50	Aac6-Iy
X51	Aac6-Iy
X52	Aac6-Iy
X53	Aac6-Iy	AadA2	SulI	TetA	TetR
X54	Aac6-Iaa	StrA	StrB	SulII	TEM-176
X55	Aac6-Iaa	Aph3-Id	QnrB19	StrA	StrB	SulII	TetA	TetR
X56	Aac6-Iy
X57	Aac6-Iy
X58	Aac6-Iaa	AadA2	CARB-2	DfrA12	FloR	SulIII	SulI	TEM-33	TetC
X59	Aac6-Iy
X60	Aac6-Iy
X61	Aac6-Iy	QnrB19
X62	Aac6-Iaa
X63	Aac6-Iy	StrA	StrB	TetA	TetR
X64	Aac6-Iaa	Aph3-Id	QnrB19	StrA	StrB	SulII	TetA	TetR
X65	Aac6-Iy	AadA2	CARB-2	DfrA12	FloR	Qnr-A1	StrA	StrB	SulII	SulI	TetB
X66	Aac6-Iy
X67	Aac6-Iaa
X68	Aac6-Iy	AadA1-pm	StrA	StrB	SulI	TetA	TetR
X69	Aac3-IId	Aac6-Iy	AadA5	AadA1-pm	DfrA17	FloR	LnuF	QnrB19	StrA	StrB	SulII	TEM-198	TetA	TetR
X70	Aac6-Iy	AadA2	FloR	LnuF	Qnr-S1	StrA	StrB	SulII	TEM-150	TetA	TetR
X71	Aac6-Iaa	AadA5	AadA1-pm	DfrA17	FloR	LnuF	QnrB19	StrA	StrB	SulII	TEM-176	TetA	TetB	TetR
X72	Aac6-Iy	QnrB19
X73	Aac6-Iy	DfrA8	FloR	QnrB19	StrA	StrB	SulII	TetA	TetR
X74	Aac6-Iaa
X75	Aac6-Iy
X76	Aac6-Iy
X77	Aac6-Iaa
X78	Aac3-IId	Aac6-Iy	AadA5	AadA1-pm	DfrA17	FloR	LnuF	OqxA	OqxBgb	QnrB19	StrA	StrB	SulII	TEM-30	TetA	TetR
X79	Aac6-Iy	AadA8b	DfrA12	SulI	TetA	TetR
X80	Aac6-Iaa
X81	Aac6-Iy
X82	Aac6-Iy	StrA	StrB	TetA	TetR
X83	Aac6-Iy
X84	Aac6-Iy
X85	Aac6-Iy
X86	Aac6-Iaa	QnrB19
X93	Aac6-Iaa	TetA	TetR
X94	Aac6-Iy
X95	Aac6-Iy
X96	Aac6-Iy	CMY-44	FloR	QnrB19	StrA	StrB	SulII	TetA	TetR
X97	Aac6-Iaa
X98	Aac3-VIa	Aac6-Iy	AadA1-pm	CMY-44	MphB	StrA	StrB	SulII	SulI	TEM-33	TetA	TetR
X99	Aac6-Iaa	QnrB19
Y01	Aac6-Iy
Y02	Aac6-Iy
Y03	Aac6-Iy
Y04	Aac6-Iaa	QnrB19
Y05	Aac6-Iy
Y06	Aac6-Iaa	QnrB19
Y07	Aac6-Iaa
Y08	Aac6-Iaa
Y09	Aac6-Iaa	AadA5	AadA1-pm	DfrA17	FloR	LnuF	QnrB19	StrA	StrB	SulII	TEM-198	TetA	TetB	TetR
Y10	Aac6-Iaa
Y11	Aac6-Iaa
Y12	Aac6-Iaa
Y13	Aac6-Iaa
Y14	Aac6-Iaa
Y15	Aac6-Iy	Aph3-IIb	CatB7	OXA-50
Y16	Aac6-Iaa	Aph3-Id	QnrB19	StrA	StrB	SulII	TetA	TetR
Y17	Aac6-Iy	StrA	StrB	SulII	TetA	TetR
Y18	Aac6-Iy	FloR	TetA	TetR
Y19	Aac6-Iy	QnrB19
Y20	Aac6-Iy
Y21	Aac6-Iy
Y22	Aac6-Iy
Y23	Aac6-Iy
Y24	Aac6-Iy
Y25	Aac6-Iaa	CMY-44	FloR	StrA	StrB	SulII	TetA	TetR
Y26	Aac6-Iy
Y27	Aac6-Iaa
Y28	Aac6-Iy
Y29	Aac6-Iy	QnrB19	SulII	TetA	TetR
Y30	Aac6-Iy	AadA2	DfrA12	SulII	SulI
Y31	Aac6-Iy
Y32	Aac6-Iy	CMY-44	SulII	TetA	TetR
Y33
Y34	Aac6-Iaa
Y35	Aac6-Iaa	AadA5	AadA1-pm	DfrA17	FloR	LnuF	OqxA	OqxBgb	QnrB19	StrA	StrB	SulII	TEM-30	TetA	TetR
Y36	Aac6-Iaa	QnrB19
Y37	Aac6-Iy
Y38	Aac6-Iy
Y39	Aac6-Iy
Y40	Aac6-Iy
Y41	Aac6-Iy
Y70	Aac6-Iy
Y71	Aac6-Iy	QnrB19	TetC
Y72	Aac6-Iy
Y73	Aac6-Iy	FloR	QnrB19	StrA	StrB	SulII	TetA	TetR
Y74	Aac6-Iy
